node,parent,count
root,,
BARKSDALE AIR FORCE BASE ARPT,root,
NEW ORLEANS INTL,root,
WASHINGTON DULLES INTL ARPT,root,
RONALD REAGAN WASHINGTON NATL,root,
CHARLESTON AFB/INTL ARPT,root,
LAMBERT-ST LOUIS INTL,root,
LAGUARDIA NY,root,
CHARLOTTE/DOUGLAS INTL ARPT,root,
LOS ANGELES INTL,root,
CHICAGO O'HARE INTL ARPT,root,
PORTLAND INTL (OR),root,
FORT LAUDERDALE/HOLLYWOOD INTL,root,
HOUSTON-HOBBY,root,
SAN ANTONIO INTL,root,
SACRAMENTO INTL,root,
WILL ROGERS WORLD ARPT,root,
ATLANTA INTL,root,
INDIANAPOLIS INTL,root,
DALLAS/FORT WORTH INTL ARPT,root,
KANSAS CITY INTL,root,
MINETA SAN JOSE INTL,root,
METRO OAKLAND INTL,root,
NASHVILLE INTL,root,
MINNEAPOLIS-ST PAUL INTL,root,
SALT LAKE CITY INTL,root,
HONOLULU INTL ARPT,root,
AUSTIN-BERGSTROM INTL,root,
SAN FRANCISCO INTL ARPT,root,
CLEVELAND-HOPKINS INTL ARPT,root,
CINCINNATI/NORTHERN KENTUCKY INTL ARPT,root,
LOUISVILLE INTL ARPT,root,
GREATER PITTSBURGH,root,
BALTIMORE WASH INTL,root,
LOGAN INTL,root,
ORLANDO INTL,root,
PORT COLUMBUS INTL,root,
EPPLEY AIRFIELD,root,
ATLANTIC CITY INTL,root,
GEORGE BUSH INTERCONTINENTAL,root,
SEATTLE-TACOMA INTL,root,
MEMPHIS INTL,root,
LIHUE ARPT,root,
NEWARK LIBERTY INTL ARPT,root,
PHILADELPHIA INTL,root,
JOHN F KENNEDY INTL,root,
PHOENIX SKY HARBOR,root,
TETERBORO AIRPORT,root,
DETROIT METRO WAYNE COUNTY ARPT,root,
CHICAGO MIDWAY INTL ARPT,root,
DENVER INTL AIRPORT,root,
A-319,ATLANTA INTL,1
A-320,ATLANTA INTL,3
ATR-72,ATLANTA INTL,1
B-717-200,ATLANTA INTL,3
B-727,ATLANTA INTL,19
B-727-100,ATLANTA INTL,3
B-727-200,ATLANTA INTL,16
B-737,ATLANTA INTL,7
B-737-200,ATLANTA INTL,6
B-737-300,ATLANTA INTL,5
B-737-500,ATLANTA INTL,2
B-757-200,ATLANTA INTL,21
B-767,ATLANTA INTL,5
B-767-200,ATLANTA INTL,1
B-767-300,ATLANTA INTL,17
B-767-400,ATLANTA INTL,2
BA-31 JETSTR,ATLANTA INTL,1
C-130H,ATLANTA INTL,1
CL-RJ100/200,ATLANTA INTL,2
DC-10,ATLANTA INTL,1
DC-8-61,ATLANTA INTL,3
DC-8-63,ATLANTA INTL,3
DC-8-70,ATLANTA INTL,1
DC-9,ATLANTA INTL,5
DC-9-30,ATLANTA INTL,10
EMB-120,ATLANTA INTL,10
FOKKER F100,ATLANTA INTL,5
HUGHES 500,ATLANTA INTL,1
L-1011,ATLANTA INTL,5
LEARJET-25,ATLANTA INTL,1
MD-80,ATLANTA INTL,11
MD-82,ATLANTA INTL,2
MD-83,ATLANTA INTL,2
MD-88,ATLANTA INTL,34
MU2,ATLANTA INTL,1
ATR-42,ATLANTIC CITY INTL,1
B-727,ATLANTIC CITY INTL,3
B-737,ATLANTIC CITY INTL,2
B-737-200,ATLANTIC CITY INTL,3
BE-100 KING,ATLANTIC CITY INTL,2
BE-1900,ATLANTIC CITY INTL,2
BELL-212,ATLANTIC CITY INTL,1
C-130,ATLANTIC CITY INTL,1
C-130E,ATLANTIC CITY INTL,4
C-130H,ATLANTIC CITY INTL,4
C-135,ATLANTIC CITY INTL,1
C-137C,ATLANTIC CITY INTL,1
C-141,ATLANTIC CITY INTL,2
C-21A,ATLANTIC CITY INTL,1
CASA C-212,ATLANTIC CITY INTL,1
CV-580,ATLANTIC CITY INTL,2
DC-9,ATLANTIC CITY INTL,4
DC-9-30,ATLANTIC CITY INTL,5
DC-9-40,ATLANTIC CITY INTL,1
EC-130E,ATLANTIC CITY INTL,1
EMB-120,ATLANTIC CITY INTL,3
F-16,ATLANTIC CITY INTL,6
F-16A,ATLANTIC CITY INTL,1
F-16C,ATLANTIC CITY INTL,5
FOKKER F100,ATLANTIC CITY INTL,2
GULFAERO III,ATLANTIC CITY INTL,1
HAWKER-SDLY HS125,ATLANTIC CITY INTL,1
KC-10A,ATLANTIC CITY INTL,11
KC-135E,ATLANTIC CITY INTL,1
LEARJET-25,ATLANTIC CITY INTL,1
LEARJET-35,ATLANTIC CITY INTL,2
LEARJET-55,ATLANTIC CITY INTL,1
LOCKHEED 1329,ATLANTIC CITY INTL,1
PA-28,ATLANTIC CITY INTL,2
PA-31 NAVAJO,ATLANTIC CITY INTL,1
SA227 AC METRO III,ATLANTIC CITY INTL,1
SAAB-340,ATLANTIC CITY INTL,1
SHORTS 360,ATLANTIC CITY INTL,3
B-717-200,AUSTIN-BERGSTROM INTL,2
B-727,AUSTIN-BERGSTROM INTL,6
B-727-100,AUSTIN-BERGSTROM INTL,1
B-727-200,AUSTIN-BERGSTROM INTL,8
B-737,AUSTIN-BERGSTROM INTL,8
B-737-200,AUSTIN-BERGSTROM INTL,16
B-737-300,AUSTIN-BERGSTROM INTL,19
B-737-400,AUSTIN-BERGSTROM INTL,1
B-737-500,AUSTIN-BERGSTROM INTL,7
B-757-200,AUSTIN-BERGSTROM INTL,3
BE-200 KING,AUSTIN-BERGSTROM INTL,1
BE-58  BARON,AUSTIN-BERGSTROM INTL,1
C-402,AUSTIN-BERGSTROM INTL,1
C-425,AUSTIN-BERGSTROM INTL,1
CL-RJ100/200,AUSTIN-BERGSTROM INTL,1
DC-10-10,AUSTIN-BERGSTROM INTL,2
DC-10-30,AUSTIN-BERGSTROM INTL,1
DC-8,AUSTIN-BERGSTROM INTL,1
DC-8-61,AUSTIN-BERGSTROM INTL,1
DC-8-62,AUSTIN-BERGSTROM INTL,1
DC-8-63,AUSTIN-BERGSTROM INTL,1
DC-9,AUSTIN-BERGSTROM INTL,1
DC-9-30,AUSTIN-BERGSTROM INTL,1
DC-9-40,AUSTIN-BERGSTROM INTL,2
FOKKER F100,AUSTIN-BERGSTROM INTL,12
MD-80,AUSTIN-BERGSTROM INTL,21
MD-82,AUSTIN-BERGSTROM INTL,14
MD-83,AUSTIN-BERGSTROM INTL,2
MD-88,AUSTIN-BERGSTROM INTL,7
MD-90-30,AUSTIN-BERGSTROM INTL,1
A-319,BALTIMORE WASH INTL,1
A-320,BALTIMORE WASH INTL,7
AEROS SA365,BALTIMORE WASH INTL,1
ATR-42,BALTIMORE WASH INTL,2
B-717-200,BALTIMORE WASH INTL,1
B-727,BALTIMORE WASH INTL,8
B-727-100,BALTIMORE WASH INTL,3
B-727-200,BALTIMORE WASH INTL,6
B-737,BALTIMORE WASH INTL,11
B-737-200,BALTIMORE WASH INTL,26
B-737-300,BALTIMORE WASH INTL,40
B-737-400,BALTIMORE WASH INTL,4
B-737-500,BALTIMORE WASH INTL,4
B-737-700,BALTIMORE WASH INTL,16
B-737-800,BALTIMORE WASH INTL,1
B-757-200,BALTIMORE WASH INTL,14
B-767,BALTIMORE WASH INTL,1
BA-31 JETSTR,BALTIMORE WASH INTL,3
BA-41 JETSTR,BALTIMORE WASH INTL,2
BE-200 KING,BALTIMORE WASH INTL,1
BE-90  KING,BALTIMORE WASH INTL,1
BELLANCA 260,BALTIMORE WASH INTL,1
C-152,BALTIMORE WASH INTL,1
C-208,BALTIMORE WASH INTL,1
C-210 CENTUR,BALTIMORE WASH INTL,1
C-421,BALTIMORE WASH INTL,1
CL-RJ100/200,BALTIMORE WASH INTL,1
DC-10-10,BALTIMORE WASH INTL,1
DC-9,BALTIMORE WASH INTL,4
DC-9-30,BALTIMORE WASH INTL,3
DHC8 DASH 8,BALTIMORE WASH INTL,10
EMB-135,BALTIMORE WASH INTL,1
FOKKER F100,BALTIMORE WASH INTL,3
FOKKER F28 MK 1000,BALTIMORE WASH INTL,4
FOKKER F28 MK 4000,BALTIMORE WASH INTL,3
MD-80,BALTIMORE WASH INTL,4
MD-82,BALTIMORE WASH INTL,2
MD-83,BALTIMORE WASH INTL,1
MD-88,BALTIMORE WASH INTL,1
PA-32,BALTIMORE WASH INTL,1
SAAB-340,BALTIMORE WASH INTL,3
SHORTS 360,BALTIMORE WASH INTL,1
A-10A,BARKSDALE AIR FORCE BASE ARPT,20
B-1B,BARKSDALE AIR FORCE BASE ARPT,1
B-52,BARKSDALE AIR FORCE BASE ARPT,7
B-52G,BARKSDALE AIR FORCE BASE ARPT,22
B-52H,BARKSDALE AIR FORCE BASE ARPT,127
C-130E,BARKSDALE AIR FORCE BASE ARPT,1
E-4B,BARKSDALE AIR FORCE BASE ARPT,1
F-15C,BARKSDALE AIR FORCE BASE ARPT,1
KC-10A,BARKSDALE AIR FORCE BASE ARPT,197
KC-135,BARKSDALE AIR FORCE BASE ARPT,36
KC-135R,BARKSDALE AIR FORCE BASE ARPT,3
MC-130P,BARKSDALE AIR FORCE BASE ARPT,1
SA226 TC,BARKSDALE AIR FORCE BASE ARPT,1
T-1A,BARKSDALE AIR FORCE BASE ARPT,7
T-37B,BARKSDALE AIR FORCE BASE ARPT,3
T-38A,BARKSDALE AIR FORCE BASE ARPT,4
T-43A,BARKSDALE AIR FORCE BASE ARPT,1
TC-18F,BARKSDALE AIR FORCE BASE ARPT,2
A-319,CHARLESTON AFB/INTL ARPT,2
B-727,CHARLESTON AFB/INTL ARPT,2
B-737,CHARLESTON AFB/INTL ARPT,1
B-737-200,CHARLESTON AFB/INTL ARPT,2
B-737-300,CHARLESTON AFB/INTL ARPT,4
B-737-400,CHARLESTON AFB/INTL ARPT,6
B-757-200,CHARLESTON AFB/INTL ARPT,1
BE-1900,CHARLESTON AFB/INTL ARPT,1
BE-200 KING,CHARLESTON AFB/INTL ARPT,1
BE-90  KING,CHARLESTON AFB/INTL ARPT,1
C-130H,CHARLESTON AFB/INTL ARPT,1
C-141,CHARLESTON AFB/INTL ARPT,17
C-141B,CHARLESTON AFB/INTL ARPT,63
C-17A,CHARLESTON AFB/INTL ARPT,109
C-21A,CHARLESTON AFB/INTL ARPT,2
C-5,CHARLESTON AFB/INTL ARPT,1
C-650,CHARLESTON AFB/INTL ARPT,1
C-9,CHARLESTON AFB/INTL ARPT,1
CITATION II,CHARLESTON AFB/INTL ARPT,2
CL-RJ100/200,CHARLESTON AFB/INTL ARPT,1
DC-9,CHARLESTON AFB/INTL ARPT,1
DC-9-30,CHARLESTON AFB/INTL ARPT,1
DORNIER 328,CHARLESTON AFB/INTL ARPT,2
E-4B,CHARLESTON AFB/INTL ARPT,1
EC-135E,CHARLESTON AFB/INTL ARPT,1
EMB-145,CHARLESTON AFB/INTL ARPT,1
F-16,CHARLESTON AFB/INTL ARPT,1
KC-10A,CHARLESTON AFB/INTL ARPT,4
KC-135R,CHARLESTON AFB/INTL ARPT,1
MD-80,CHARLESTON AFB/INTL ARPT,3
MD-82,CHARLESTON AFB/INTL ARPT,1
MD-88,CHARLESTON AFB/INTL ARPT,4
OA-10A,CHARLESTON AFB/INTL ARPT,1
PA-28,CHARLESTON AFB/INTL ARPT,1
A-319,CHARLOTTE/DOUGLAS INTL ARPT,10
A-320,CHARLOTTE/DOUGLAS INTL ARPT,5
ATR-72,CHARLOTTE/DOUGLAS INTL ARPT,2
B-727,CHARLOTTE/DOUGLAS INTL ARPT,6
B-727-200,CHARLOTTE/DOUGLAS INTL ARPT,1
B-737,CHARLOTTE/DOUGLAS INTL ARPT,3
B-737-200,CHARLOTTE/DOUGLAS INTL ARPT,16
B-737-300,CHARLOTTE/DOUGLAS INTL ARPT,42
B-737-400,CHARLOTTE/DOUGLAS INTL ARPT,34
B-757-200,CHARLOTTE/DOUGLAS INTL ARPT,6
B-767-200,CHARLOTTE/DOUGLAS INTL ARPT,1
BA-31 JETSTR,CHARLOTTE/DOUGLAS INTL ARPT,3
BE-200 KING,CHARLOTTE/DOUGLAS INTL ARPT,1
BE-58  BARON,CHARLOTTE/DOUGLAS INTL ARPT,2
C-130H,CHARLOTTE/DOUGLAS INTL ARPT,2
C-172,CHARLOTTE/DOUGLAS INTL ARPT,1
C-208,CHARLOTTE/DOUGLAS INTL ARPT,1
C-560,CHARLOTTE/DOUGLAS INTL ARPT,2
C-650,CHARLOTTE/DOUGLAS INTL ARPT,2
CITATIONJET,CHARLOTTE/DOUGLAS INTL ARPT,1
CL-RJ100/200,CHARLOTTE/DOUGLAS INTL ARPT,2
DC-9,CHARLOTTE/DOUGLAS INTL ARPT,12
DC-9-10,CHARLOTTE/DOUGLAS INTL ARPT,1
DC-9-30,CHARLOTTE/DOUGLAS INTL ARPT,17
DC-9-50,CHARLOTTE/DOUGLAS INTL ARPT,1
DHC8 DASH 8,CHARLOTTE/DOUGLAS INTL ARPT,9
EMB-120,CHARLOTTE/DOUGLAS INTL ARPT,2
EMB-145,CHARLOTTE/DOUGLAS INTL ARPT,4
FOKKER F100,CHARLOTTE/DOUGLAS INTL ARPT,36
FOKKER F28 MK 1000,CHARLOTTE/DOUGLAS INTL ARPT,7
FOKKER F28 MK 4000,CHARLOTTE/DOUGLAS INTL ARPT,7
GULFAERO III,CHARLOTTE/DOUGLAS INTL ARPT,1
HAWKER-SDLY HS125,CHARLOTTE/DOUGLAS INTL ARPT,1
LEARJET-35,CHARLOTTE/DOUGLAS INTL ARPT,1
MD-80,CHARLOTTE/DOUGLAS INTL ARPT,15
MD-82,CHARLOTTE/DOUGLAS INTL ARPT,4
MD-88,CHARLOTTE/DOUGLAS INTL ARPT,1
MU-300,CHARLOTTE/DOUGLAS INTL ARPT,1
MU2,CHARLOTTE/DOUGLAS INTL ARPT,1
PA-28,CHARLOTTE/DOUGLAS INTL ARPT,2
PA-32,CHARLOTTE/DOUGLAS INTL ARPT,1
PA-34 SENECA,CHARLOTTE/DOUGLAS INTL ARPT,1
SA226 TC,CHARLOTTE/DOUGLAS INTL ARPT,1
A-320,CHICAGO MIDWAY INTL ARPT,1
B-717-200,CHICAGO MIDWAY INTL ARPT,1
B-727-200,CHICAGO MIDWAY INTL ARPT,1
B-737,CHICAGO MIDWAY INTL ARPT,8
B-737-200,CHICAGO MIDWAY INTL ARPT,19
B-737-300,CHICAGO MIDWAY INTL ARPT,22
B-737-500,CHICAGO MIDWAY INTL ARPT,6
B-737-700,CHICAGO MIDWAY INTL ARPT,3
BA-31 JETSTR,CHICAGO MIDWAY INTL ARPT,3
C-172,CHICAGO MIDWAY INTL ARPT,1
C-560,CHICAGO MIDWAY INTL ARPT,2
C-650,CHICAGO MIDWAY INTL ARPT,1
DC-9,CHICAGO MIDWAY INTL ARPT,2
DC-9-30,CHICAGO MIDWAY INTL ARPT,2
FOKKER F100,CHICAGO MIDWAY INTL ARPT,1
LEARJET-31,CHICAGO MIDWAY INTL ARPT,1
SAAB-340,CHICAGO MIDWAY INTL ARPT,1
A-300,CHICAGO O'HARE INTL ARPT,3
A-310,CHICAGO O'HARE INTL ARPT,1
A-319,CHICAGO O'HARE INTL ARPT,1
A-320,CHICAGO O'HARE INTL ARPT,7
ATR-42,CHICAGO O'HARE INTL ARPT,4
ATR-72,CHICAGO O'HARE INTL ARPT,3
B-727,CHICAGO O'HARE INTL ARPT,31
B-727-100,CHICAGO O'HARE INTL ARPT,3
B-727-200,CHICAGO O'HARE INTL ARPT,25
B-737,CHICAGO O'HARE INTL ARPT,24
B-737-200,CHICAGO O'HARE INTL ARPT,9
B-737-300,CHICAGO O'HARE INTL ARPT,9
B-737-500,CHICAGO O'HARE INTL ARPT,2
B-737-800,CHICAGO O'HARE INTL ARPT,6
B-747-1/200,CHICAGO O'HARE INTL ARPT,1
B-747-400,CHICAGO O'HARE INTL ARPT,1
B-757-200,CHICAGO O'HARE INTL ARPT,25
B-767,CHICAGO O'HARE INTL ARPT,3
B-767-200,CHICAGO O'HARE INTL ARPT,6
B-767-300,CHICAGO O'HARE INTL ARPT,8
BA-146,CHICAGO O'HARE INTL ARPT,3
BA-ATP,CHICAGO O'HARE INTL ARPT,4
BE-1900,CHICAGO O'HARE INTL ARPT,4
C-130,CHICAGO O'HARE INTL ARPT,1
C-130H,CHICAGO O'HARE INTL ARPT,8
C-560,CHICAGO O'HARE INTL ARPT,2
CITATION II,CHICAGO O'HARE INTL ARPT,1
CL-RJ100/200,CHICAGO O'HARE INTL ARPT,4
DC-10,CHICAGO O'HARE INTL ARPT,5
DC-10-10,CHICAGO O'HARE INTL ARPT,8
DC-10-30,CHICAGO O'HARE INTL ARPT,1
DC-8-61,CHICAGO O'HARE INTL ARPT,1
DC-8-63,CHICAGO O'HARE INTL ARPT,1
DC-9,CHICAGO O'HARE INTL ARPT,7
DC-9-30,CHICAGO O'HARE INTL ARPT,1
DORNIER 328,CHICAGO O'HARE INTL ARPT,1
EMB-120,CHICAGO O'HARE INTL ARPT,4
EMB-135,CHICAGO O'HARE INTL ARPT,1
EMB-145,CHICAGO O'HARE INTL ARPT,8
FOKKER F100,CHICAGO O'HARE INTL ARPT,64
FOKKER F28 MK 1000,CHICAGO O'HARE INTL ARPT,3
HAWKER 800,CHICAGO O'HARE INTL ARPT,1
KC-135E,CHICAGO O'HARE INTL ARPT,1
KC-135R,CHICAGO O'HARE INTL ARPT,1
MD-11,CHICAGO O'HARE INTL ARPT,1
MD-80,CHICAGO O'HARE INTL ARPT,64
MD-82,CHICAGO O'HARE INTL ARPT,35
MD-83,CHICAGO O'HARE INTL ARPT,16
MD-88,CHICAGO O'HARE INTL ARPT,2
SAAB-340,CHICAGO O'HARE INTL ARPT,4
SHORTS 360,CHICAGO O'HARE INTL ARPT,1
A-300,CINCINNATI/NORTHERN KENTUCKY INTL ARPT,1
A-310,CINCINNATI/NORTHERN KENTUCKY INTL ARPT,1
ATR-42,CINCINNATI/NORTHERN KENTUCKY INTL ARPT,1
B-727,CINCINNATI/NORTHERN KENTUCKY INTL ARPT,24
B-727-100,CINCINNATI/NORTHERN KENTUCKY INTL ARPT,1
B-727-200,CINCINNATI/NORTHERN KENTUCKY INTL ARPT,16
B-737,CINCINNATI/NORTHERN KENTUCKY INTL ARPT,10
B-737-200,CINCINNATI/NORTHERN KENTUCKY INTL ARPT,11
B-737-300,CINCINNATI/NORTHERN KENTUCKY INTL ARPT,2
B-737-400,CINCINNATI/NORTHERN KENTUCKY INTL ARPT,1
B-737-500,CINCINNATI/NORTHERN KENTUCKY INTL ARPT,1
B-737-800,CINCINNATI/NORTHERN KENTUCKY INTL ARPT,3
B-757-200,CINCINNATI/NORTHERN KENTUCKY INTL ARPT,16
B-767,CINCINNATI/NORTHERN KENTUCKY INTL ARPT,8
B-767-300,CINCINNATI/NORTHERN KENTUCKY INTL ARPT,2
BA-146,CINCINNATI/NORTHERN KENTUCKY INTL ARPT,1
BE-1900,CINCINNATI/NORTHERN KENTUCKY INTL ARPT,1
C-414,CINCINNATI/NORTHERN KENTUCKY INTL ARPT,1
CL-600,CINCINNATI/NORTHERN KENTUCKY INTL ARPT,1
CL-RJ100/200,CINCINNATI/NORTHERN KENTUCKY INTL ARPT,58
DC-8,CINCINNATI/NORTHERN KENTUCKY INTL ARPT,2
DC-8-70,CINCINNATI/NORTHERN KENTUCKY INTL ARPT,2
DC-9,CINCINNATI/NORTHERN KENTUCKY INTL ARPT,3
DC-9-10,CINCINNATI/NORTHERN KENTUCKY INTL ARPT,1
DC-9-30,CINCINNATI/NORTHERN KENTUCKY INTL ARPT,5
DORNIER 328,CINCINNATI/NORTHERN KENTUCKY INTL ARPT,5
EMB-120,CINCINNATI/NORTHERN KENTUCKY INTL ARPT,18
EMB-135,CINCINNATI/NORTHERN KENTUCKY INTL ARPT,1
EMB-145,CINCINNATI/NORTHERN KENTUCKY INTL ARPT,2
FOKKER F100,CINCINNATI/NORTHERN KENTUCKY INTL ARPT,6
FOKKER F28 MK 1000,CINCINNATI/NORTHERN KENTUCKY INTL ARPT,1
FOKKER F28 MK 4000,CINCINNATI/NORTHERN KENTUCKY INTL ARPT,1
HAWKER 800,CINCINNATI/NORTHERN KENTUCKY INTL ARPT,1
L-1011,CINCINNATI/NORTHERN KENTUCKY INTL ARPT,3
L-1011-500,CINCINNATI/NORTHERN KENTUCKY INTL ARPT,1
LEARJET-25,CINCINNATI/NORTHERN KENTUCKY INTL ARPT,1
LOCKHEED 1329,CINCINNATI/NORTHERN KENTUCKY INTL ARPT,1
MD-11,CINCINNATI/NORTHERN KENTUCKY INTL ARPT,2
MD-80,CINCINNATI/NORTHERN KENTUCKY INTL ARPT,4
MD-88,CINCINNATI/NORTHERN KENTUCKY INTL ARPT,27
MERLIN III,CINCINNATI/NORTHERN KENTUCKY INTL ARPT,1
PA-31 NAVAJO,CINCINNATI/NORTHERN KENTUCKY INTL ARPT,1
SAAB-340,CINCINNATI/NORTHERN KENTUCKY INTL ARPT,14
A-300,CLEVELAND-HOPKINS INTL ARPT,1
ATR-42,CLEVELAND-HOPKINS INTL ARPT,1
B-727,CLEVELAND-HOPKINS INTL ARPT,1
B-727-100,CLEVELAND-HOPKINS INTL ARPT,2
B-727-200,CLEVELAND-HOPKINS INTL ARPT,2
B-737,CLEVELAND-HOPKINS INTL ARPT,5
B-737-200,CLEVELAND-HOPKINS INTL ARPT,4
B-737-300,CLEVELAND-HOPKINS INTL ARPT,17
B-737-500,CLEVELAND-HOPKINS INTL ARPT,2
B-737-800,CLEVELAND-HOPKINS INTL ARPT,1
BA-31 JETSTR,CLEVELAND-HOPKINS INTL ARPT,1
BE-1900,CLEVELAND-HOPKINS INTL ARPT,11
CL-RJ100/200,CLEVELAND-HOPKINS INTL ARPT,1
DC-9,CLEVELAND-HOPKINS INTL ARPT,3
DC-9-10,CLEVELAND-HOPKINS INTL ARPT,1
DC-9-30,CLEVELAND-HOPKINS INTL ARPT,1
DHC8 DASH 8,CLEVELAND-HOPKINS INTL ARPT,2
EMB-110,CLEVELAND-HOPKINS INTL ARPT,1
EMB-120,CLEVELAND-HOPKINS INTL ARPT,7
EMB-135,CLEVELAND-HOPKINS INTL ARPT,1
EMB-145,CLEVELAND-HOPKINS INTL ARPT,11
FOKKER F100,CLEVELAND-HOPKINS INTL ARPT,2
MD-80,CLEVELAND-HOPKINS INTL ARPT,11
MD-82,CLEVELAND-HOPKINS INTL ARPT,3
MD-88,CLEVELAND-HOPKINS INTL ARPT,2
MOONEY UNKN,CLEVELAND-HOPKINS INTL ARPT,1
PA-31 NAVAJO,CLEVELAND-HOPKINS INTL ARPT,1
PA-60 600,CLEVELAND-HOPKINS INTL ARPT,1
SAAB-340,CLEVELAND-HOPKINS INTL ARPT,1
A-300,DALLAS/FORT WORTH INTL ARPT,3
A-319,DALLAS/FORT WORTH INTL ARPT,9
A-320,DALLAS/FORT WORTH INTL ARPT,2
ATR-42,DALLAS/FORT WORTH INTL ARPT,1
ATR-72,DALLAS/FORT WORTH INTL ARPT,18
B-727,DALLAS/FORT WORTH INTL ARPT,54
B-727-100,DALLAS/FORT WORTH INTL ARPT,8
B-727-200,DALLAS/FORT WORTH INTL ARPT,58
B-737,DALLAS/FORT WORTH INTL ARPT,8
B-737-200,DALLAS/FORT WORTH INTL ARPT,8
B-737-300,DALLAS/FORT WORTH INTL ARPT,9
B-737-500,DALLAS/FORT WORTH INTL ARPT,1
B-737-800,DALLAS/FORT WORTH INTL ARPT,1
B-747-300,DALLAS/FORT WORTH INTL ARPT,1
B-757-200,DALLAS/FORT WORTH INTL ARPT,64
B-767,DALLAS/FORT WORTH INTL ARPT,7
B-767-200,DALLAS/FORT WORTH INTL ARPT,6
B-767-300,DALLAS/FORT WORTH INTL ARPT,9
B-777-200,DALLAS/FORT WORTH INTL ARPT,2
BA-31 JETSTR,DALLAS/FORT WORTH INTL ARPT,1
C-130E,DALLAS/FORT WORTH INTL ARPT,1
C-560,DALLAS/FORT WORTH INTL ARPT,1
CITATION II,DALLAS/FORT WORTH INTL ARPT,2
CITATION X,DALLAS/FORT WORTH INTL ARPT,1
CL-RJ100/200,DALLAS/FORT WORTH INTL ARPT,2
DA-10 FALCON,DALLAS/FORT WORTH INTL ARPT,1
DA-20 FALCON,DALLAS/FORT WORTH INTL ARPT,1
DC-10,DALLAS/FORT WORTH INTL ARPT,11
DC-10-10,DALLAS/FORT WORTH INTL ARPT,18
DC-10-30,DALLAS/FORT WORTH INTL ARPT,3
DC-8,DALLAS/FORT WORTH INTL ARPT,1
DC-8-61,DALLAS/FORT WORTH INTL ARPT,1
DC-8-70,DALLAS/FORT WORTH INTL ARPT,3
DC-9,DALLAS/FORT WORTH INTL ARPT,8
DC-9-30,DALLAS/FORT WORTH INTL ARPT,6
EMB-110,DALLAS/FORT WORTH INTL ARPT,1
EMB-120,DALLAS/FORT WORTH INTL ARPT,7
EMB-135,DALLAS/FORT WORTH INTL ARPT,1
EMB-145,DALLAS/FORT WORTH INTL ARPT,6
FOKKER F100,DALLAS/FORT WORTH INTL ARPT,67
FOKKER F28 MK 1000,DALLAS/FORT WORTH INTL ARPT,1
IAI-1124,DALLAS/FORT WORTH INTL ARPT,1
KC-135R,DALLAS/FORT WORTH INTL ARPT,1
L-1011,DALLAS/FORT WORTH INTL ARPT,1
L-1011-500,DALLAS/FORT WORTH INTL ARPT,1
LEARJET-25,DALLAS/FORT WORTH INTL ARPT,1
MD-11,DALLAS/FORT WORTH INTL ARPT,5
MD-80,DALLAS/FORT WORTH INTL ARPT,240
MD-82,DALLAS/FORT WORTH INTL ARPT,123
MD-83,DALLAS/FORT WORTH INTL ARPT,30
MD-88,DALLAS/FORT WORTH INTL ARPT,14
MD-90-30,DALLAS/FORT WORTH INTL ARPT,2
MU2,DALLAS/FORT WORTH INTL ARPT,1
SAAB-340,DALLAS/FORT WORTH INTL ARPT,75
A-300,DENVER INTL AIRPORT,2
A-319,DENVER INTL AIRPORT,6
A-320,DENVER INTL AIRPORT,16
B-727,DENVER INTL AIRPORT,14
B-727-200,DENVER INTL AIRPORT,8
B-737,DENVER INTL AIRPORT,13
B-737-200,DENVER INTL AIRPORT,8
B-737-300,DENVER INTL AIRPORT,27
B-737-400,DENVER INTL AIRPORT,1
B-737-500,DENVER INTL AIRPORT,4
B-737-800,DENVER INTL AIRPORT,2
B-757-200,DENVER INTL AIRPORT,18
B-767-300,DENVER INTL AIRPORT,1
B-777-200,DENVER INTL AIRPORT,4
BA-146-100,DENVER INTL AIRPORT,1
BA-146-200,DENVER INTL AIRPORT,2
BE-1900,DENVER INTL AIRPORT,21
CL-RJ100/200,DENVER INTL AIRPORT,2
DC-9-40,DENVER INTL AIRPORT,1
DHC8 DASH 8,DENVER INTL AIRPORT,1
DORNIER 328,DENVER INTL AIRPORT,2
HAWKER 1000,DENVER INTL AIRPORT,1
IAI-1124,DENVER INTL AIRPORT,1
L-1011-500,DENVER INTL AIRPORT,1
MD-80,DENVER INTL AIRPORT,15
MD-82,DENVER INTL AIRPORT,12
MD-83,DENVER INTL AIRPORT,2
MERLIN IV,DENVER INTL AIRPORT,1
A-310,DETROIT METRO WAYNE COUNTY ARPT,1
A-319,DETROIT METRO WAYNE COUNTY ARPT,1
A-320,DETROIT METRO WAYNE COUNTY ARPT,5
ATR-42,DETROIT METRO WAYNE COUNTY ARPT,1
B-727,DETROIT METRO WAYNE COUNTY ARPT,3
B-727-200,DETROIT METRO WAYNE COUNTY ARPT,9
B-737,DETROIT METRO WAYNE COUNTY ARPT,1
B-737-200,DETROIT METRO WAYNE COUNTY ARPT,2
B-737-300,DETROIT METRO WAYNE COUNTY ARPT,2
B-737-800,DETROIT METRO WAYNE COUNTY ARPT,1
B-747-400,DETROIT METRO WAYNE COUNTY ARPT,1
B-757-200,DETROIT METRO WAYNE COUNTY ARPT,7
B-767,DETROIT METRO WAYNE COUNTY ARPT,1
BA-146,DETROIT METRO WAYNE COUNTY ARPT,1
C-560,DETROIT METRO WAYNE COUNTY ARPT,1
CITATION II,DETROIT METRO WAYNE COUNTY ARPT,1
CL-RJ100/200,DETROIT METRO WAYNE COUNTY ARPT,2
DC-10,DETROIT METRO WAYNE COUNTY ARPT,1
DC-10-40,DETROIT METRO WAYNE COUNTY ARPT,1
DC-9,DETROIT METRO WAYNE COUNTY ARPT,5
DC-9-40,DETROIT METRO WAYNE COUNTY ARPT,1
DC-9-50,DETROIT METRO WAYNE COUNTY ARPT,1
DHC8 DASH 8,DETROIT METRO WAYNE COUNTY ARPT,2
FOKKER F100,DETROIT METRO WAYNE COUNTY ARPT,2
LEARJET-60,DETROIT METRO WAYNE COUNTY ARPT,1
MD-80,DETROIT METRO WAYNE COUNTY ARPT,4
MD-82,DETROIT METRO WAYNE COUNTY ARPT,1
MD-83,DETROIT METRO WAYNE COUNTY ARPT,1
SAAB-340,DETROIT METRO WAYNE COUNTY ARPT,14
A-320,EPPLEY AIRFIELD,1
B-727,EPPLEY AIRFIELD,10
B-727-200,EPPLEY AIRFIELD,12
B-737,EPPLEY AIRFIELD,5
B-737-200,EPPLEY AIRFIELD,3
B-737-300,EPPLEY AIRFIELD,12
B-737-500,EPPLEY AIRFIELD,1
B-737-700,EPPLEY AIRFIELD,3
B-757-200,EPPLEY AIRFIELD,6
BE-1900,EPPLEY AIRFIELD,2
BE-200 KING,EPPLEY AIRFIELD,1
BE-60 DUKE,EPPLEY AIRFIELD,1
C-152,EPPLEY AIRFIELD,1
C-172,EPPLEY AIRFIELD,1
C-208,EPPLEY AIRFIELD,2
C-310,EPPLEY AIRFIELD,1
C-500,EPPLEY AIRFIELD,1
CITATION X,EPPLEY AIRFIELD,1
CITATIONJET,EPPLEY AIRFIELD,1
CL-600,EPPLEY AIRFIELD,1
CL-601/604,EPPLEY AIRFIELD,1
CL-RJ100/200,EPPLEY AIRFIELD,4
DA-20 FALCON,EPPLEY AIRFIELD,1
DA-900,EPPLEY AIRFIELD,1
DC-9,EPPLEY AIRFIELD,2
DC-9-30,EPPLEY AIRFIELD,4
DC-9-40,EPPLEY AIRFIELD,2
DC-9-50,EPPLEY AIRFIELD,1
EMB-145,EPPLEY AIRFIELD,2
FOKKER F100,EPPLEY AIRFIELD,5
GRUMAMER AA1,EPPLEY AIRFIELD,1
HAWKER 1000,EPPLEY AIRFIELD,3
LEARJET-35,EPPLEY AIRFIELD,1
MD-80,EPPLEY AIRFIELD,12
MD-82,EPPLEY AIRFIELD,9
MD-83,EPPLEY AIRFIELD,1
MD-87,EPPLEY AIRFIELD,1
RKWL SHRIKE,EPPLEY AIRFIELD,1
A-310,FORT LAUDERDALE/HOLLYWOOD INTL,1
A-319,FORT LAUDERDALE/HOLLYWOOD INTL,2
A-320,FORT LAUDERDALE/HOLLYWOOD INTL,3
B-727,FORT LAUDERDALE/HOLLYWOOD INTL,4
B-727-200,FORT LAUDERDALE/HOLLYWOOD INTL,5
B-737,FORT LAUDERDALE/HOLLYWOOD INTL,3
B-737-200,FORT LAUDERDALE/HOLLYWOOD INTL,10
B-737-300,FORT LAUDERDALE/HOLLYWOOD INTL,8
B-737-400,FORT LAUDERDALE/HOLLYWOOD INTL,8
B-737-500,FORT LAUDERDALE/HOLLYWOOD INTL,1
B-737-700,FORT LAUDERDALE/HOLLYWOOD INTL,3
B-757-200,FORT LAUDERDALE/HOLLYWOOD INTL,6
B-767,FORT LAUDERDALE/HOLLYWOOD INTL,1
B-767-200,FORT LAUDERDALE/HOLLYWOOD INTL,1
B-767-300,FORT LAUDERDALE/HOLLYWOOD INTL,1
B-767-400,FORT LAUDERDALE/HOLLYWOOD INTL,2
BE-200 KING,FORT LAUDERDALE/HOLLYWOOD INTL,1
C-210 CENTUR,FORT LAUDERDALE/HOLLYWOOD INTL,1
C-402,FORT LAUDERDALE/HOLLYWOOD INTL,2
CL-600,FORT LAUDERDALE/HOLLYWOOD INTL,1
DC-10,FORT LAUDERDALE/HOLLYWOOD INTL,2
DC-10-10,FORT LAUDERDALE/HOLLYWOOD INTL,1
DC-10-30,FORT LAUDERDALE/HOLLYWOOD INTL,1
DC-8-61,FORT LAUDERDALE/HOLLYWOOD INTL,1
DC-9,FORT LAUDERDALE/HOLLYWOOD INTL,2
DC-9-30,FORT LAUDERDALE/HOLLYWOOD INTL,1
L-1011,FORT LAUDERDALE/HOLLYWOOD INTL,1
MD-80,FORT LAUDERDALE/HOLLYWOOD INTL,9
MD-82,FORT LAUDERDALE/HOLLYWOOD INTL,7
MD-88,FORT LAUDERDALE/HOLLYWOOD INTL,1
PA-31 NAVAJO,FORT LAUDERDALE/HOLLYWOOD INTL,1
SA226 TC,FORT LAUDERDALE/HOLLYWOOD INTL,1
SA227 AC METRO III,FORT LAUDERDALE/HOLLYWOOD INTL,1
A-300,GEORGE BUSH INTERCONTINENTAL,1
A-310,GEORGE BUSH INTERCONTINENTAL,2
A-320,GEORGE BUSH INTERCONTINENTAL,8
ATR-42,GEORGE BUSH INTERCONTINENTAL,13
B-727,GEORGE BUSH INTERCONTINENTAL,10
B-727-100,GEORGE BUSH INTERCONTINENTAL,3
B-727-200,GEORGE BUSH INTERCONTINENTAL,7
B-737,GEORGE BUSH INTERCONTINENTAL,11
B-737-200,GEORGE BUSH INTERCONTINENTAL,2
B-737-300,GEORGE BUSH INTERCONTINENTAL,9
B-737-400,GEORGE BUSH INTERCONTINENTAL,1
B-737-500,GEORGE BUSH INTERCONTINENTAL,2
B-737-800,GEORGE BUSH INTERCONTINENTAL,1
B-757-200,GEORGE BUSH INTERCONTINENTAL,2
B-777-200,GEORGE BUSH INTERCONTINENTAL,1
BE-1900,GEORGE BUSH INTERCONTINENTAL,1
C-21A,GEORGE BUSH INTERCONTINENTAL,1
CITATION II,GEORGE BUSH INTERCONTINENTAL,1
CL-RJ100/200,GEORGE BUSH INTERCONTINENTAL,1
DC-10,GEORGE BUSH INTERCONTINENTAL,1
DC-10-10,GEORGE BUSH INTERCONTINENTAL,2
DC-10-30,GEORGE BUSH INTERCONTINENTAL,1
DC-8-61,GEORGE BUSH INTERCONTINENTAL,2
DC-8-63,GEORGE BUSH INTERCONTINENTAL,2
DC-8-70,GEORGE BUSH INTERCONTINENTAL,1
DC-9,GEORGE BUSH INTERCONTINENTAL,4
DC-9-30,GEORGE BUSH INTERCONTINENTAL,2
DC-9-40,GEORGE BUSH INTERCONTINENTAL,1
EMB UNKN,GEORGE BUSH INTERCONTINENTAL,1
EMB-120,GEORGE BUSH INTERCONTINENTAL,12
EMB-145,GEORGE BUSH INTERCONTINENTAL,1
FOKKER F100,GEORGE BUSH INTERCONTINENTAL,11
MD-80,GEORGE BUSH INTERCONTINENTAL,8
MD-82,GEORGE BUSH INTERCONTINENTAL,5
MD-88,GEORGE BUSH INTERCONTINENTAL,3
A-319,GREATER PITTSBURGH,13
A-320,GREATER PITTSBURGH,2
A-7,GREATER PITTSBURGH,1
ATR-42,GREATER PITTSBURGH,1
B-717-200,GREATER PITTSBURGH,1
B-727,GREATER PITTSBURGH,4
B-727-100,GREATER PITTSBURGH,1
B-727-200,GREATER PITTSBURGH,1
B-737,GREATER PITTSBURGH,8
B-737-200,GREATER PITTSBURGH,11
B-737-300,GREATER PITTSBURGH,37
B-737-400,GREATER PITTSBURGH,19
B-737-500,GREATER PITTSBURGH,1
B-757-200,GREATER PITTSBURGH,11
BA-31 JETSTR,GREATER PITTSBURGH,4
BE-1900,GREATER PITTSBURGH,2
C-130H,GREATER PITTSBURGH,4
C-560,GREATER PITTSBURGH,1
CL-601/604,GREATER PITTSBURGH,1
DC-9,GREATER PITTSBURGH,24
DC-9-30,GREATER PITTSBURGH,34
DHC8 DASH 8,GREATER PITTSBURGH,6
DORNIER 328,GREATER PITTSBURGH,17
EMB-145,GREATER PITTSBURGH,3
FOKKER F100,GREATER PITTSBURGH,27
FOKKER F28 MK 1000,GREATER PITTSBURGH,1
FOKKER F28 MK 4000,GREATER PITTSBURGH,3
KC-135E,GREATER PITTSBURGH,8
MD-80,GREATER PITTSBURGH,24
MD-82,GREATER PITTSBURGH,5
MD-88,GREATER PITTSBURGH,3
MERLIN IV,GREATER PITTSBURGH,1
PA-31 NAVAJO,GREATER PITTSBURGH,1
SAAB-340,GREATER PITTSBURGH,9
B-717-200,HONOLULU INTL ARPT,4
B-737,HONOLULU INTL ARPT,11
B-737-200,HONOLULU INTL ARPT,35
B-737-400,HONOLULU INTL ARPT,1
B-747,HONOLULU INTL ARPT,1
B-747-300,HONOLULU INTL ARPT,1
B-747-400,HONOLULU INTL ARPT,1
B-767,HONOLULU INTL ARPT,2
C-130,HONOLULU INTL ARPT,2
C-135,HONOLULU INTL ARPT,2
C-135B,HONOLULU INTL ARPT,3
C-135C,HONOLULU INTL ARPT,1
C-141,HONOLULU INTL ARPT,3
C-141B,HONOLULU INTL ARPT,4
C-402,HONOLULU INTL ARPT,1
C-5,HONOLULU INTL ARPT,1
C-5A,HONOLULU INTL ARPT,2
C-5B,HONOLULU INTL ARPT,1
DC-10,HONOLULU INTL ARPT,3
DC-10-10,HONOLULU INTL ARPT,3
DC-10-30,HONOLULU INTL ARPT,2
DC-10-40,HONOLULU INTL ARPT,2
DC-9,HONOLULU INTL ARPT,12
DC-9-10,HONOLULU INTL ARPT,1
DC-9-50,HONOLULU INTL ARPT,17
DHC8 DASH 8,HONOLULU INTL ARPT,2
E-6,HONOLULU INTL ARPT,2
EC-135,HONOLULU INTL ARPT,3
F-16C,HONOLULU INTL ARPT,1
KC-10A,HONOLULU INTL ARPT,1
KC-135E,HONOLULU INTL ARPT,1
KC-135R,HONOLULU INTL ARPT,5
L-1011,HONOLULU INTL ARPT,1
MD-11,HONOLULU INTL ARPT,1
PA-28,HONOLULU INTL ARPT,2
ATR-42,HOUSTON-HOBBY,1
ATR-72,HOUSTON-HOBBY,2
B-727-200,HOUSTON-HOBBY,7
B-737,HOUSTON-HOBBY,14
B-737-200,HOUSTON-HOBBY,42
B-737-300,HOUSTON-HOBBY,41
B-737-500,HOUSTON-HOBBY,14
B-737-700,HOUSTON-HOBBY,5
BE-1900,HOUSTON-HOBBY,3
C-172,HOUSTON-HOBBY,1
C-177,HOUSTON-HOBBY,1
C-185 SKYWAG,HOUSTON-HOBBY,1
DC-9,HOUSTON-HOBBY,1
DC-9-30,HOUSTON-HOBBY,1
EMB-145,HOUSTON-HOBBY,1
HAWKER-SDLY HS125,HOUSTON-HOBBY,1
IAI-1124,HOUSTON-HOBBY,1
LEARJET-25,HOUSTON-HOBBY,1
MD-80,HOUSTON-HOBBY,6
MD-82,HOUSTON-HOBBY,5
MD-88,HOUSTON-HOBBY,2
A-300,INDIANAPOLIS INTL,4
A-310,INDIANAPOLIS INTL,3
A-319,INDIANAPOLIS INTL,1
A-320,INDIANAPOLIS INTL,7
ATR-42,INDIANAPOLIS INTL,1
B-727,INDIANAPOLIS INTL,7
B-727-100,INDIANAPOLIS INTL,3
B-727-200,INDIANAPOLIS INTL,11
B-737,INDIANAPOLIS INTL,7
B-737-200,INDIANAPOLIS INTL,12
B-737-300,INDIANAPOLIS INTL,16
B-737-400,INDIANAPOLIS INTL,5
B-737-500,INDIANAPOLIS INTL,3
B-737-700,INDIANAPOLIS INTL,1
B-757-200,INDIANAPOLIS INTL,2
BA-31 JETSTR,INDIANAPOLIS INTL,4
BE-1900,INDIANAPOLIS INTL,2
BE-300 KING,INDIANAPOLIS INTL,1
BE-90  KING,INDIANAPOLIS INTL,1
C-310,INDIANAPOLIS INTL,1
C-402,INDIANAPOLIS INTL,1
C-560,INDIANAPOLIS INTL,1
CITATION II,INDIANAPOLIS INTL,1
CL-RJ100/200,INDIANAPOLIS INTL,6
DA-900,INDIANAPOLIS INTL,1
DC-10,INDIANAPOLIS INTL,2
DC-10-10,INDIANAPOLIS INTL,3
DC-10-30,INDIANAPOLIS INTL,1
DC-9,INDIANAPOLIS INTL,5
DC-9-30,INDIANAPOLIS INTL,4
DC-9-40,INDIANAPOLIS INTL,1
DC-9-50,INDIANAPOLIS INTL,1
EMB-145,INDIANAPOLIS INTL,3
FOKKER F100,INDIANAPOLIS INTL,6
GULFAERO IV,INDIANAPOLIS INTL,1
LOCKHEED 1329,INDIANAPOLIS INTL,1
MD-11,INDIANAPOLIS INTL,2
MD-80,INDIANAPOLIS INTL,5
MD-82,INDIANAPOLIS INTL,4
MD-88,INDIANAPOLIS INTL,1
SAAB-340,INDIANAPOLIS INTL,2
A-300,JOHN F KENNEDY INTL,29
A-310,JOHN F KENNEDY INTL,1
A-319,JOHN F KENNEDY INTL,1
A-320,JOHN F KENNEDY INTL,6
ATR-42,JOHN F KENNEDY INTL,10
B-727,JOHN F KENNEDY INTL,8
B-727-100,JOHN F KENNEDY INTL,1
B-727-200,JOHN F KENNEDY INTL,3
B-737,JOHN F KENNEDY INTL,2
B-737-200,JOHN F KENNEDY INTL,1
B-737-800,JOHN F KENNEDY INTL,1
B-747,JOHN F KENNEDY INTL,5
B-747-1/200,JOHN F KENNEDY INTL,1
B-747-400,JOHN F KENNEDY INTL,6
B-757-200,JOHN F KENNEDY INTL,18
B-767,JOHN F KENNEDY INTL,15
B-767-200,JOHN F KENNEDY INTL,23
B-767-300,JOHN F KENNEDY INTL,20
B-777-200,JOHN F KENNEDY INTL,1
BA-31 JETSTR,JOHN F KENNEDY INTL,2
BA-41 JETSTR,JOHN F KENNEDY INTL,5
C-141B,JOHN F KENNEDY INTL,1
C-560,JOHN F KENNEDY INTL,1
CL-RJ100/200,JOHN F KENNEDY INTL,1
DA-50 FALCON,JOHN F KENNEDY INTL,1
DC-10,JOHN F KENNEDY INTL,2
DC-10-10,JOHN F KENNEDY INTL,8
DC-10-30,JOHN F KENNEDY INTL,1
DC-8,JOHN F KENNEDY INTL,2
DC-8-61,JOHN F KENNEDY INTL,1
DC-8-62,JOHN F KENNEDY INTL,1
DC-8-63,JOHN F KENNEDY INTL,1
DC-8-70,JOHN F KENNEDY INTL,2
DC-9,JOHN F KENNEDY INTL,1
DC-9-30,JOHN F KENNEDY INTL,1
DC-9-50,JOHN F KENNEDY INTL,1
DHC8 DASH 8,JOHN F KENNEDY INTL,1
FOKKER F28 MK 1000,JOHN F KENNEDY INTL,1
GULFSTRM II,JOHN F KENNEDY INTL,1
L-1011,JOHN F KENNEDY INTL,2
L-1011-500,JOHN F KENNEDY INTL,1
MD-11,JOHN F KENNEDY INTL,3
MD-80,JOHN F KENNEDY INTL,2
MD-82,JOHN F KENNEDY INTL,1
MD-83,JOHN F KENNEDY INTL,1
MD-88,JOHN F KENNEDY INTL,1
PA-28,JOHN F KENNEDY INTL,1
SAAB-340,JOHN F KENNEDY INTL,14
SHORTS 360,JOHN F KENNEDY INTL,3
A-300,KANSAS CITY INTL,4
A-319,KANSAS CITY INTL,2
A-320,KANSAS CITY INTL,3
B-727,KANSAS CITY INTL,17
B-727-100,KANSAS CITY INTL,2
B-727-200,KANSAS CITY INTL,19
B-737,KANSAS CITY INTL,7
B-737-200,KANSAS CITY INTL,14
B-737-300,KANSAS CITY INTL,39
B-737-400,KANSAS CITY INTL,3
B-737-500,KANSAS CITY INTL,5
B-737-700,KANSAS CITY INTL,8
B-757-200,KANSAS CITY INTL,7
BE-1900,KANSAS CITY INTL,1
C-21A,KANSAS CITY INTL,1
C-421,KANSAS CITY INTL,1
C-9,KANSAS CITY INTL,1
CL-RJ100/200,KANSAS CITY INTL,2
DA-20 FALCON,KANSAS CITY INTL,1
DC-9,KANSAS CITY INTL,5
DC-9-30,KANSAS CITY INTL,2
DC-9-40,KANSAS CITY INTL,3
DC-9-50,KANSAS CITY INTL,3
E-4B,KANSAS CITY INTL,1
FOKKER F100,KANSAS CITY INTL,3
LEARJET-25,KANSAS CITY INTL,1
MD-80,KANSAS CITY INTL,19
MD-82,KANSAS CITY INTL,6
MD-83,KANSAS CITY INTL,2
MD-88,KANSAS CITY INTL,3
MD-90-30,KANSAS CITY INTL,1
RC-135W,KANSAS CITY INTL,1
A-319,LAGUARDIA NY,7
A-320,LAGUARDIA NY,12
B-727,LAGUARDIA NY,8
B-727-100,LAGUARDIA NY,1
B-727-200,LAGUARDIA NY,25
B-737,LAGUARDIA NY,2
B-737-200,LAGUARDIA NY,10
B-737-300,LAGUARDIA NY,14
B-737-400,LAGUARDIA NY,12
B-737-800,LAGUARDIA NY,1
B-757-200,LAGUARDIA NY,14
B-767,LAGUARDIA NY,1
B-767-200,LAGUARDIA NY,1
B-767-300,LAGUARDIA NY,1
BA-31 JETSTR,LAGUARDIA NY,2
BE-1900,LAGUARDIA NY,1
BE-400 BJET,LAGUARDIA NY,1
CL-600,LAGUARDIA NY,1
CL-RJ100/200,LAGUARDIA NY,4
DC-9,LAGUARDIA NY,8
DC-9-30,LAGUARDIA NY,4
DHC8 DASH 8,LAGUARDIA NY,4
DORNIER 328,LAGUARDIA NY,1
FOKKER F100,LAGUARDIA NY,4
FOKKER F28 MK 1000,LAGUARDIA NY,1
FOKKER F28 MK 4000,LAGUARDIA NY,1
L-1011,LAGUARDIA NY,1
MD-80,LAGUARDIA NY,18
MD-82,LAGUARDIA NY,10
MD-83,LAGUARDIA NY,1
MD-88,LAGUARDIA NY,4
A-310,LAMBERT-ST LOUIS INTL,2
A-319,LAMBERT-ST LOUIS INTL,3
ATR-42,LAMBERT-ST LOUIS INTL,2
B-717-200,LAMBERT-ST LOUIS INTL,3
B-727,LAMBERT-ST LOUIS INTL,9
B-727-100,LAMBERT-ST LOUIS INTL,1
B-727-200,LAMBERT-ST LOUIS INTL,7
B-737,LAMBERT-ST LOUIS INTL,3
B-737-200,LAMBERT-ST LOUIS INTL,21
B-737-300,LAMBERT-ST LOUIS INTL,26
B-737-500,LAMBERT-ST LOUIS INTL,1
B-737-700,LAMBERT-ST LOUIS INTL,4
B-757-200,LAMBERT-ST LOUIS INTL,3
B-767-200,LAMBERT-ST LOUIS INTL,1
BA-31 JETSTR,LAMBERT-ST LOUIS INTL,6
BA-41 JETSTR,LAMBERT-ST LOUIS INTL,2
C-210 CENTUR,LAMBERT-ST LOUIS INTL,1
CL-RJ100/200,LAMBERT-ST LOUIS INTL,4
DA-50 FALCON,LAMBERT-ST LOUIS INTL,1
DC-9,LAMBERT-ST LOUIS INTL,9
DC-9-10,LAMBERT-ST LOUIS INTL,1
DC-9-30,LAMBERT-ST LOUIS INTL,9
DC-9-40,LAMBERT-ST LOUIS INTL,1
EMB-135,LAMBERT-ST LOUIS INTL,1
EMB-145,LAMBERT-ST LOUIS INTL,3
F-15A,LAMBERT-ST LOUIS INTL,1
FOKKER F100,LAMBERT-ST LOUIS INTL,9
FOKKER F28 MK 1000,LAMBERT-ST LOUIS INTL,1
GULFAERO IV,LAMBERT-ST LOUIS INTL,1
L-1011,LAMBERT-ST LOUIS INTL,4
MD-80,LAMBERT-ST LOUIS INTL,22
MD-82,LAMBERT-ST LOUIS INTL,9
MD-83,LAMBERT-ST LOUIS INTL,15
MD-88,LAMBERT-ST LOUIS INTL,1
PA-32,LAMBERT-ST LOUIS INTL,1
SA227 AC METRO III,LAMBERT-ST LOUIS INTL,1
AEROS 350,LIHUE ARPT,2
B-717-200,LIHUE ARPT,12
B-727-200,LIHUE ARPT,1
B-737,LIHUE ARPT,20
B-737-200,LIHUE ARPT,110
B-737-300,LIHUE ARPT,6
BE-200 KING,LIHUE ARPT,1
BELL-206,LIHUE ARPT,2
C-135B,LIHUE ARPT,2
C-135C,LIHUE ARPT,1
C-135E,LIHUE ARPT,1
C-206 STATIO,LIHUE ARPT,1
C-414,LIHUE ARPT,1
CITATION II,LIHUE ARPT,1
DC-10,LIHUE ARPT,1
DC-9,LIHUE ARPT,15
DC-9-30,LIHUE ARPT,1
DC-9-50,LIHUE ARPT,31
G-159,LIHUE ARPT,1
KC-135E,LIHUE ARPT,1
LOCKHEED C-130,LIHUE ARPT,2
P-3,LIHUE ARPT,1
PA-28,LIHUE ARPT,1
PA-31 NAVAJO,LIHUE ARPT,2
A-300,LOGAN INTL,4
A-319,LOGAN INTL,4
A-320,LOGAN INTL,9
B-727,LOGAN INTL,10
B-727-100,LOGAN INTL,1
B-727-200,LOGAN INTL,6
B-737,LOGAN INTL,3
B-737-100,LOGAN INTL,1
B-737-200,LOGAN INTL,10
B-737-300,LOGAN INTL,9
B-737-400,LOGAN INTL,4
B-737-800,LOGAN INTL,1
B-747,LOGAN INTL,1
B-757-200,LOGAN INTL,15
B-767-200,LOGAN INTL,1
B-767-300,LOGAN INTL,2
BA-41 JETSTR,LOGAN INTL,1
BE-1900,LOGAN INTL,1
BE-400 BJET,LOGAN INTL,1
C-650,LOGAN INTL,2
CL-RJ100/200,LOGAN INTL,2
DA-2000,LOGAN INTL,1
DC-10-10,LOGAN INTL,4
DC-10-30,LOGAN INTL,3
DC-10-40,LOGAN INTL,1
DC-8-61,LOGAN INTL,1
DC-9,LOGAN INTL,5
DC-9-30,LOGAN INTL,3
DHC8 DASH 8,LOGAN INTL,1
DORNIER 228,LOGAN INTL,1
DORNIER 328,LOGAN INTL,1
EMB-135,LOGAN INTL,4
FOKKER F100,LOGAN INTL,2
FOKKER F28 MK 1000,LOGAN INTL,1
L-1011,LOGAN INTL,1
MD-80,LOGAN INTL,12
MD-82,LOGAN INTL,7
MD-88,LOGAN INTL,2
PA-23-250,LOGAN INTL,1
SAAB-340,LOGAN INTL,7
A-319,LOS ANGELES INTL,1
A-320,LOS ANGELES INTL,8
B-727,LOS ANGELES INTL,3
B-727-200,LOS ANGELES INTL,1
B-737,LOS ANGELES INTL,7
B-737-200,LOS ANGELES INTL,8
B-737-300,LOS ANGELES INTL,28
B-737-400,LOS ANGELES INTL,2
B-737-500,LOS ANGELES INTL,3
B-737-700,LOS ANGELES INTL,2
B-747,LOS ANGELES INTL,2
B-757-200,LOS ANGELES INTL,16
B-767,LOS ANGELES INTL,4
B-767-200,LOS ANGELES INTL,11
B-767-300,LOS ANGELES INTL,6
B-767-400,LOS ANGELES INTL,1
B-777-200,LOS ANGELES INTL,2
BA-146-200,LOS ANGELES INTL,1
BA-31 JETSTR,LOS ANGELES INTL,2
BE-400 BJET,LOS ANGELES INTL,1
DA-20 FALCON,LOS ANGELES INTL,1
DA-50 FALCON,LOS ANGELES INTL,1
DC-10,LOS ANGELES INTL,5
DC-10-10,LOS ANGELES INTL,3
DC-10-40,LOS ANGELES INTL,3
DC-9,LOS ANGELES INTL,1
EMB-120,LOS ANGELES INTL,4
FOKKER F28 MK 4000,LOS ANGELES INTL,1
L-1011,LOS ANGELES INTL,7
MD-80,LOS ANGELES INTL,8
MD-82,LOS ANGELES INTL,6
MD-83,LOS ANGELES INTL,2
MD-87,LOS ANGELES INTL,1
MD-88,LOS ANGELES INTL,1
MERLIN III,LOS ANGELES INTL,1
PA-31 NAVAJO,LOS ANGELES INTL,1
SA227 AC METRO III,LOS ANGELES INTL,1
SAAB-340,LOS ANGELES INTL,10
A-300,LOUISVILLE INTL ARPT,2
ATR-42,LOUISVILLE INTL ARPT,1
B-727,LOUISVILLE INTL ARPT,41
B-727-100,LOUISVILLE INTL ARPT,4
B-727-200,LOUISVILLE INTL ARPT,8
B-737,LOUISVILLE INTL ARPT,12
B-737-200,LOUISVILLE INTL ARPT,6
B-737-300,LOUISVILLE INTL ARPT,11
B-737-400,LOUISVILLE INTL ARPT,1
B-737-500,LOUISVILLE INTL ARPT,1
B-747,LOUISVILLE INTL ARPT,5
B-747-1/200,LOUISVILLE INTL ARPT,4
B-757-200,LOUISVILLE INTL ARPT,50
B-767-300,LOUISVILLE INTL ARPT,13
BA-125-800,LOUISVILLE INTL ARPT,1
BA-146,LOUISVILLE INTL ARPT,1
BA-41 JETSTR,LOUISVILLE INTL ARPT,1
BE-58  BARON,LOUISVILLE INTL ARPT,1
C-130H,LOUISVILLE INTL ARPT,2
C-500,LOUISVILLE INTL ARPT,1
C-650,LOUISVILLE INTL ARPT,1
C-9,LOUISVILLE INTL ARPT,1
CITATION II,LOUISVILLE INTL ARPT,3
CL-601/604,LOUISVILLE INTL ARPT,1
CL-RJ100/200,LOUISVILLE INTL ARPT,1
DA-10 FALCON,LOUISVILLE INTL ARPT,3
DC-8,LOUISVILLE INTL ARPT,24
DC-8-70,LOUISVILLE INTL ARPT,22
DC-9,LOUISVILLE INTL ARPT,15
DC-9-10,LOUISVILLE INTL ARPT,1
DC-9-30,LOUISVILLE INTL ARPT,6
DHC8 DASH 8,LOUISVILLE INTL ARPT,1
E-6,LOUISVILLE INTL ARPT,1
EMB-120,LOUISVILLE INTL ARPT,1
EMB-145,LOUISVILLE INTL ARPT,3
FOKKER F100,LOUISVILLE INTL ARPT,6
HAWKER-SDLY HS125,LOUISVILLE INTL ARPT,2
MD-80,LOUISVILLE INTL ARPT,3
MD-88,LOUISVILLE INTL ARPT,8
RKWL SHRIKE,LOUISVILLE INTL ARPT,1
SAAB-340,LOUISVILLE INTL ARPT,2
A-300,MEMPHIS INTL,34
A-310,MEMPHIS INTL,11
A-319,MEMPHIS INTL,1
A-320,MEMPHIS INTL,5
AVRO RJ 85,MEMPHIS INTL,5
B-727,MEMPHIS INTL,29
B-727-100,MEMPHIS INTL,16
B-727-200,MEMPHIS INTL,26
B-737,MEMPHIS INTL,3
B-737-200,MEMPHIS INTL,3
B-737-300,MEMPHIS INTL,1
B-737-800,MEMPHIS INTL,1
B-757-200,MEMPHIS INTL,7
BA-146,MEMPHIS INTL,1
BA-31 JETSTR,MEMPHIS INTL,3
BA-41 JETSTR,MEMPHIS INTL,1
BE-200 KING,MEMPHIS INTL,1
BE-300 KING,MEMPHIS INTL,1
BE-400 BJET,MEMPHIS INTL,1
C-141B,MEMPHIS INTL,3
C-500,MEMPHIS INTL,1
C-560,MEMPHIS INTL,1
CL-RJ100/200,MEMPHIS INTL,1
DA-50 FALCON,MEMPHIS INTL,1
DC-10,MEMPHIS INTL,25
DC-10-10,MEMPHIS INTL,17
DC-10-30,MEMPHIS INTL,5
DC-8-70,MEMPHIS INTL,1
DC-9,MEMPHIS INTL,7
DC-9-30,MEMPHIS INTL,8
DC-9-40,MEMPHIS INTL,1
DC-9-50,MEMPHIS INTL,4
EMB-135,MEMPHIS INTL,2
FOKKER F100,MEMPHIS INTL,11
G-159,MEMPHIS INTL,1
LEARJET-25,MEMPHIS INTL,1
MD-11,MEMPHIS INTL,8
MD-80,MEMPHIS INTL,5
MD-82,MEMPHIS INTL,1
MD-88,MEMPHIS INTL,4
PA-28,MEMPHIS INTL,1
RKWL SABRLNR,MEMPHIS INTL,1
SAAB-340,MEMPHIS INTL,12
A-300,METRO OAKLAND INTL,5
A-320,METRO OAKLAND INTL,1
AEROS 350,METRO OAKLAND INTL,1
B-727,METRO OAKLAND INTL,2
B-727-100,METRO OAKLAND INTL,1
B-727-200,METRO OAKLAND INTL,1
B-737,METRO OAKLAND INTL,9
B-737-200,METRO OAKLAND INTL,6
B-737-300,METRO OAKLAND INTL,34
B-737-400,METRO OAKLAND INTL,7
B-737-500,METRO OAKLAND INTL,5
B-737-700,METRO OAKLAND INTL,2
B-747-1/200,METRO OAKLAND INTL,1
B-767,METRO OAKLAND INTL,1
BA-146-200,METRO OAKLAND INTL,1
BE-400 BJET,METRO OAKLAND INTL,1
C-152,METRO OAKLAND INTL,1
C-172,METRO OAKLAND INTL,2
C-206 STATIO,METRO OAKLAND INTL,2
C-208,METRO OAKLAND INTL,1
C-421,METRO OAKLAND INTL,1
DC-10,METRO OAKLAND INTL,1
DC-10-10,METRO OAKLAND INTL,3
DC-10-30,METRO OAKLAND INTL,1
DC-8-61,METRO OAKLAND INTL,2
DC-8-70,METRO OAKLAND INTL,1
GULFAERO IV,METRO OAKLAND INTL,1
GULFSTREAM V,METRO OAKLAND INTL,1
MD-11,METRO OAKLAND INTL,1
MD-80,METRO OAKLAND INTL,5
MD-82,METRO OAKLAND INTL,4
ROBINSON R22,METRO OAKLAND INTL,1
A-319,MINETA SAN JOSE INTL,1
A-320,MINETA SAN JOSE INTL,3
AEROS 350,MINETA SAN JOSE INTL,1
B-727,MINETA SAN JOSE INTL,2
B-737,MINETA SAN JOSE INTL,3
B-737-200,MINETA SAN JOSE INTL,3
B-737-300,MINETA SAN JOSE INTL,27
B-737-400,MINETA SAN JOSE INTL,1
B-737-500,MINETA SAN JOSE INTL,3
B-737-700,MINETA SAN JOSE INTL,1
B-737-800,MINETA SAN JOSE INTL,2
B-757-200,MINETA SAN JOSE INTL,8
B-767,MINETA SAN JOSE INTL,1
BA-146,MINETA SAN JOSE INTL,1
BA-31 JETSTR,MINETA SAN JOSE INTL,1
BE-95,MINETA SAN JOSE INTL,1
C-150,MINETA SAN JOSE INTL,1
C-152,MINETA SAN JOSE INTL,1
C-172,MINETA SAN JOSE INTL,1
C-182 SKYLAN,MINETA SAN JOSE INTL,1
C-310,MINETA SAN JOSE INTL,2
C-340,MINETA SAN JOSE INTL,1
C-414,MINETA SAN JOSE INTL,1
C-650,MINETA SAN JOSE INTL,1
DA-900,MINETA SAN JOSE INTL,1
FOKKER F28 MK 1000,MINETA SAN JOSE INTL,1
FOKKER F28 MK 4000,MINETA SAN JOSE INTL,1
MD-11,MINETA SAN JOSE INTL,2
MD-80,MINETA SAN JOSE INTL,30
MD-82,MINETA SAN JOSE INTL,7
MD-83,MINETA SAN JOSE INTL,5
MD-90-30,MINETA SAN JOSE INTL,1
MERLIN III,MINETA SAN JOSE INTL,2
PA-23-250,MINETA SAN JOSE INTL,1
STINSON 108,MINETA SAN JOSE INTL,1
A-300,MINNEAPOLIS-ST PAUL INTL,1
A-319,MINNEAPOLIS-ST PAUL INTL,1
A-320,MINNEAPOLIS-ST PAUL INTL,8
B-717-200,MINNEAPOLIS-ST PAUL INTL,1
B-727,MINNEAPOLIS-ST PAUL INTL,5
B-727-200,MINNEAPOLIS-ST PAUL INTL,3
B-737-200,MINNEAPOLIS-ST PAUL INTL,2
B-737-300,MINNEAPOLIS-ST PAUL INTL,1
B-737-500,MINNEAPOLIS-ST PAUL INTL,1
B-747,MINNEAPOLIS-ST PAUL INTL,1
B-757-200,MINNEAPOLIS-ST PAUL INTL,8
BE-400 BJET,MINNEAPOLIS-ST PAUL INTL,1
C-130E,MINNEAPOLIS-ST PAUL INTL,15
C-560,MINNEAPOLIS-ST PAUL INTL,1
C-9,MINNEAPOLIS-ST PAUL INTL,1
CITATION II,MINNEAPOLIS-ST PAUL INTL,1
CL-RJ100/200,MINNEAPOLIS-ST PAUL INTL,1
DC-10,MINNEAPOLIS-ST PAUL INTL,1
DC-10-30,MINNEAPOLIS-ST PAUL INTL,1
DC-10-40,MINNEAPOLIS-ST PAUL INTL,1
DC-9,MINNEAPOLIS-ST PAUL INTL,6
DC-9-10,MINNEAPOLIS-ST PAUL INTL,1
DC-9-30,MINNEAPOLIS-ST PAUL INTL,4
DC-9-40,MINNEAPOLIS-ST PAUL INTL,1
DC-9-50,MINNEAPOLIS-ST PAUL INTL,2
DHC8 DASH 8,MINNEAPOLIS-ST PAUL INTL,2
FOKKER F100,MINNEAPOLIS-ST PAUL INTL,5
FOKKER F28 MK 1000,MINNEAPOLIS-ST PAUL INTL,1
HAWKER 1000,MINNEAPOLIS-ST PAUL INTL,1
MD-80,MINNEAPOLIS-ST PAUL INTL,5
MD-82,MINNEAPOLIS-ST PAUL INTL,4
MD-88,MINNEAPOLIS-ST PAUL INTL,1
RKWL SABRLNR,MINNEAPOLIS-ST PAUL INTL,1
SA227 AC METRO III,MINNEAPOLIS-ST PAUL INTL,2
SAAB-340,MINNEAPOLIS-ST PAUL INTL,12
B-717-200,NASHVILLE INTL,1
B-727,NASHVILLE INTL,25
B-727-100,NASHVILLE INTL,3
B-727-200,NASHVILLE INTL,28
B-737,NASHVILLE INTL,9
B-737-100,NASHVILLE INTL,1
B-737-200,NASHVILLE INTL,25
B-737-300,NASHVILLE INTL,33
B-737-400,NASHVILLE INTL,2
B-737-500,NASHVILLE INTL,3
B-737-700,NASHVILLE INTL,8
B-757-200,NASHVILLE INTL,10
BA-31 JETSTR,NASHVILLE INTL,15
BE-1900,NASHVILLE INTL,1
BE-200 KING,NASHVILLE INTL,1
BE-58  BARON,NASHVILLE INTL,2
C-560,NASHVILLE INTL,1
CITATION II,NASHVILLE INTL,1
CL-RJ100/200,NASHVILLE INTL,5
DA-2000,NASHVILLE INTL,1
DC-9,NASHVILLE INTL,6
DC-9-30,NASHVILLE INTL,7
DC-9-40,NASHVILLE INTL,1
DC-9-50,NASHVILLE INTL,1
EMB-120,NASHVILLE INTL,1
EMB-145,NASHVILLE INTL,2
FOKKER F100,NASHVILLE INTL,22
FOKKER F28 MK 1000,NASHVILLE INTL,2
HAWKER 1000,NASHVILLE INTL,1
LEARJET-24,NASHVILLE INTL,1
LEARJET-31,NASHVILLE INTL,1
LEARJET-35,NASHVILLE INTL,2
MD-80,NASHVILLE INTL,32
MD-82,NASHVILLE INTL,20
MD-83,NASHVILLE INTL,4
MD-88,NASHVILLE INTL,5
MOONEY UNKN,NASHVILLE INTL,1
MU2,NASHVILLE INTL,1
PA-32,NASHVILLE INTL,1
PA-34 SENECA,NASHVILLE INTL,1
PA-42,NASHVILLE INTL,1
PA-46 MALIBU,NASHVILLE INTL,1
SAAB-340,NASHVILLE INTL,8
A-319,NEW ORLEANS INTL,2
A-320,NEW ORLEANS INTL,3
B-727,NEW ORLEANS INTL,18
B-727-100,NEW ORLEANS INTL,2
B-727-200,NEW ORLEANS INTL,19
B-737,NEW ORLEANS INTL,11
B-737-200,NEW ORLEANS INTL,24
B-737-300,NEW ORLEANS INTL,35
B-737-400,NEW ORLEANS INTL,4
B-737-500,NEW ORLEANS INTL,5
B-737-700,NEW ORLEANS INTL,4
B-737-800,NEW ORLEANS INTL,1
B-757-200,NEW ORLEANS INTL,8
BE-1900,NEW ORLEANS INTL,1
C-172,NEW ORLEANS INTL,1
C-208,NEW ORLEANS INTL,1
CITATION II,NEW ORLEANS INTL,1
CL-RJ100/200,NEW ORLEANS INTL,1
DC-10-10,NEW ORLEANS INTL,1
DC-9,NEW ORLEANS INTL,4
DC-9-30,NEW ORLEANS INTL,2
DC-9-40,NEW ORLEANS INTL,3
EMB-120,NEW ORLEANS INTL,1
FOKKER F100,NEW ORLEANS INTL,3
MD-80,NEW ORLEANS INTL,14
MD-82,NEW ORLEANS INTL,7
MD-83,NEW ORLEANS INTL,1
MD-88,NEW ORLEANS INTL,4
MD-90-30,NEW ORLEANS INTL,1
PA-31 NAVAJO,NEW ORLEANS INTL,1
A-300,NEWARK LIBERTY INTL ARPT,17
A-310,NEWARK LIBERTY INTL ARPT,3
A-320,NEWARK LIBERTY INTL ARPT,12
ATR-42,NEWARK LIBERTY INTL ARPT,11
B-717-200,NEWARK LIBERTY INTL ARPT,1
B-727,NEWARK LIBERTY INTL ARPT,16
B-727-100,NEWARK LIBERTY INTL ARPT,3
B-727-200,NEWARK LIBERTY INTL ARPT,8
B-737,NEWARK LIBERTY INTL ARPT,3
B-737-200,NEWARK LIBERTY INTL ARPT,7
B-737-300,NEWARK LIBERTY INTL ARPT,11
B-737-400,NEWARK LIBERTY INTL ARPT,3
B-737-500,NEWARK LIBERTY INTL ARPT,2
B-737-800,NEWARK LIBERTY INTL ARPT,2
B-747-1/200,NEWARK LIBERTY INTL ARPT,1
B-757-200,NEWARK LIBERTY INTL ARPT,17
B-767,NEWARK LIBERTY INTL ARPT,3
B-767-400,NEWARK LIBERTY INTL ARPT,2
B-777-200,NEWARK LIBERTY INTL ARPT,1
BA-41 JETSTR,NEWARK LIBERTY INTL ARPT,2
BE-1900,NEWARK LIBERTY INTL ARPT,1
CL-RJ100/200,NEWARK LIBERTY INTL ARPT,1
DC-10,NEWARK LIBERTY INTL ARPT,11
DC-10-10,NEWARK LIBERTY INTL ARPT,3
DC-10-30,NEWARK LIBERTY INTL ARPT,5
DC-8,NEWARK LIBERTY INTL ARPT,1
DC-8-63,NEWARK LIBERTY INTL ARPT,1
DC-8-70,NEWARK LIBERTY INTL ARPT,1
DC-9,NEWARK LIBERTY INTL ARPT,4
DC-9-30,NEWARK LIBERTY INTL ARPT,3
DHC8 DASH 8,NEWARK LIBERTY INTL ARPT,1
DORNIER 328,NEWARK LIBERTY INTL ARPT,1
EMB-120,NEWARK LIBERTY INTL ARPT,1
EMB-145,NEWARK LIBERTY INTL ARPT,4
FOKKER F100,NEWARK LIBERTY INTL ARPT,5
FOKKER F28 MK 1000,NEWARK LIBERTY INTL ARPT,1
FOKKER F28 MK 4000,NEWARK LIBERTY INTL ARPT,2
GULFSTRM II,NEWARK LIBERTY INTL ARPT,1
L-1011,NEWARK LIBERTY INTL ARPT,1
MD-11,NEWARK LIBERTY INTL ARPT,5
MD-80,NEWARK LIBERTY INTL ARPT,18
MD-82,NEWARK LIBERTY INTL ARPT,7
MD-88,NEWARK LIBERTY INTL ARPT,3
A-320,ORLANDO INTL,3
B-727,ORLANDO INTL,5
B-727-200,ORLANDO INTL,8
B-737,ORLANDO INTL,5
B-737-200,ORLANDO INTL,33
B-737-300,ORLANDO INTL,12
B-737-400,ORLANDO INTL,8
B-737-500,ORLANDO INTL,2
B-737-700,ORLANDO INTL,2
B-737-800,ORLANDO INTL,1
B-757-200,ORLANDO INTL,14
B-767,ORLANDO INTL,1
B-767-300,ORLANDO INTL,2
B-767-400,ORLANDO INTL,1
BA-31 JETSTR,ORLANDO INTL,2
BE-1900,ORLANDO INTL,2
CITATION II,ORLANDO INTL,1
CL-RJ100/200,ORLANDO INTL,3
DC-10,ORLANDO INTL,3
DC-10-10,ORLANDO INTL,4
DC-8-63,ORLANDO INTL,1
DC-9-30,ORLANDO INTL,1
DC-9-40,ORLANDO INTL,2
DHC8 DASH 8,ORLANDO INTL,3
EMB-120,ORLANDO INTL,4
L-1011,ORLANDO INTL,1
MD-80,ORLANDO INTL,15
MD-82,ORLANDO INTL,7
MD-88,ORLANDO INTL,5
PA-28,ORLANDO INTL,1
SAAB-340,ORLANDO INTL,1
A-300,PHILADELPHIA INTL,2
A-319,PHILADELPHIA INTL,6
A-320,PHILADELPHIA INTL,9
AEROS SN601,PHILADELPHIA INTL,1
B-727,PHILADELPHIA INTL,12
B-727-200,PHILADELPHIA INTL,9
B-737,PHILADELPHIA INTL,5
B-737-200,PHILADELPHIA INTL,20
B-737-300,PHILADELPHIA INTL,32
B-737-400,PHILADELPHIA INTL,22
B-737-500,PHILADELPHIA INTL,1
B-737-800,PHILADELPHIA INTL,1
B-747-1/200,PHILADELPHIA INTL,1
B-757-200,PHILADELPHIA INTL,11
B-767,PHILADELPHIA INTL,3
B-767-200,PHILADELPHIA INTL,1
B-767-300,PHILADELPHIA INTL,1
BA-31 JETSTR,PHILADELPHIA INTL,1
BE-1900,PHILADELPHIA INTL,3
C-210 CENTUR,PHILADELPHIA INTL,1
C-560,PHILADELPHIA INTL,2
CL-RJ100/200,PHILADELPHIA INTL,2
DC-10,PHILADELPHIA INTL,1
DC-10-10,PHILADELPHIA INTL,2
DC-8,PHILADELPHIA INTL,2
DC-8-61,PHILADELPHIA INTL,1
DC-8-70,PHILADELPHIA INTL,2
DC-9,PHILADELPHIA INTL,7
DC-9-30,PHILADELPHIA INTL,10
DHC8 DASH 8,PHILADELPHIA INTL,5
FOKKER F100,PHILADELPHIA INTL,15
FOKKER F28 MK 4000,PHILADELPHIA INTL,1
LEARJET-35,PHILADELPHIA INTL,2
LEARJET-45,PHILADELPHIA INTL,1
MD-80,PHILADELPHIA INTL,17
MD-82,PHILADELPHIA INTL,4
MD-88,PHILADELPHIA INTL,2
PA-31 NAVAJO,PHILADELPHIA INTL,1
SAAB-340,PHILADELPHIA INTL,1
SHORTS 360,PHILADELPHIA INTL,5
A-319,PHOENIX SKY HARBOR,5
A-320,PHOENIX SKY HARBOR,15
B-727,PHOENIX SKY HARBOR,1
B-727-200,PHOENIX SKY HARBOR,1
B-737,PHOENIX SKY HARBOR,8
B-737-200,PHOENIX SKY HARBOR,9
B-737-300,PHOENIX SKY HARBOR,41
B-737-400,PHOENIX SKY HARBOR,1
B-737-500,PHOENIX SKY HARBOR,2
B-737-700,PHOENIX SKY HARBOR,1
B-757-200,PHOENIX SKY HARBOR,8
BE-1900,PHOENIX SKY HARBOR,1
C-152,PHOENIX SKY HARBOR,1
CL-RJ100/200,PHOENIX SKY HARBOR,1
DC-10,PHOENIX SKY HARBOR,1
DC-10-10,PHOENIX SKY HARBOR,1
DC-10-30,PHOENIX SKY HARBOR,1
DC-8,PHOENIX SKY HARBOR,1
DC-8-61,PHOENIX SKY HARBOR,1
DC-8-63,PHOENIX SKY HARBOR,2
FOKKER F100,PHOENIX SKY HARBOR,1
HAWKER-SDLY HS125,PHOENIX SKY HARBOR,1
MD-80,PHOENIX SKY HARBOR,2
MD-82,PHOENIX SKY HARBOR,4
MD-88,PHOENIX SKY HARBOR,1
A-319,PORT COLUMBUS INTL,2
A-320,PORT COLUMBUS INTL,7
AVRO RJ 85,PORT COLUMBUS INTL,1
B-727,PORT COLUMBUS INTL,3
B-727-200,PORT COLUMBUS INTL,2
B-737,PORT COLUMBUS INTL,5
B-737-200,PORT COLUMBUS INTL,15
B-737-300,PORT COLUMBUS INTL,12
B-737-500,PORT COLUMBUS INTL,3
B-757-200,PORT COLUMBUS INTL,3
BA-41 JETSTR,PORT COLUMBUS INTL,1
BE-1900,PORT COLUMBUS INTL,1
BE-200 KING,PORT COLUMBUS INTL,1
C-152,PORT COLUMBUS INTL,1
C-172,PORT COLUMBUS INTL,1
C-182 SKYLAN,PORT COLUMBUS INTL,1
C-340,PORT COLUMBUS INTL,1
C-560,PORT COLUMBUS INTL,4
C-650,PORT COLUMBUS INTL,1
CL-RJ100/200,PORT COLUMBUS INTL,2
DA-2000,PORT COLUMBUS INTL,1
DC-9,PORT COLUMBUS INTL,4
DC-9-30,PORT COLUMBUS INTL,3
DORNIER 328,PORT COLUMBUS INTL,4
EMB-120,PORT COLUMBUS INTL,4
EMB-145,PORT COLUMBUS INTL,2
FOKKER F100,PORT COLUMBUS INTL,9
HAWKER 1000,PORT COLUMBUS INTL,2
MD-80,PORT COLUMBUS INTL,8
MD-82,PORT COLUMBUS INTL,4
MD-83,PORT COLUMBUS INTL,1
MD-88,PORT COLUMBUS INTL,2
MU2,PORT COLUMBUS INTL,1
A-300,PORTLAND INTL (OR),1
A-319,PORTLAND INTL (OR),1
A-320,PORTLAND INTL (OR),7
B-727,PORTLAND INTL (OR),3
B-737,PORTLAND INTL (OR),11
B-737-200,PORTLAND INTL (OR),3
B-737-300,PORTLAND INTL (OR),31
B-737-400,PORTLAND INTL (OR),9
B-737-500,PORTLAND INTL (OR),8
B-737-700,PORTLAND INTL (OR),4
B-737-800,PORTLAND INTL (OR),3
B-757-200,PORTLAND INTL (OR),16
B-767-200,PORTLAND INTL (OR),1
B-767-300,PORTLAND INTL (OR),5
BE-1900,PORTLAND INTL (OR),2
BE-300 KING,PORTLAND INTL (OR),1
C-130H,PORTLAND INTL (OR),1
C-500,PORTLAND INTL (OR),1
C-560,PORTLAND INTL (OR),2
CL-RJ100/200,PORTLAND INTL (OR),1
DC-10,PORTLAND INTL (OR),2
DC-8,PORTLAND INTL (OR),1
DC-8-62,PORTLAND INTL (OR),2
DHC8 DASH 8,PORTLAND INTL (OR),37
DORNIER 328,PORTLAND INTL (OR),2
EMB-110,PORTLAND INTL (OR),1
EMB-120,PORTLAND INTL (OR),10
F-15,PORTLAND INTL (OR),5
F-15A,PORTLAND INTL (OR),1
F-15B,PORTLAND INTL (OR),1
FOKKER F28 MK 1000,PORTLAND INTL (OR),4
FOKKER F28 MK 4000,PORTLAND INTL (OR),9
HAWKER 1000,PORTLAND INTL (OR),1
HC-130P,PORTLAND INTL (OR),2
IAI ASTRA JT,PORTLAND INTL (OR),1
L-1011,PORTLAND INTL (OR),1
LEARJET-35,PORTLAND INTL (OR),1
MD-11,PORTLAND INTL (OR),4
MD-80,PORTLAND INTL (OR),30
MD-82,PORTLAND INTL (OR),4
MD-83,PORTLAND INTL (OR),8
MD-87,PORTLAND INTL (OR),1
MERLIN III,PORTLAND INTL (OR),2
P-3,PORTLAND INTL (OR),2
PA-31 NAVAJO,PORTLAND INTL (OR),1
SA227 AC METRO III,PORTLAND INTL (OR),1
A-319,RONALD REAGAN WASHINGTON NATL,8
A-320,RONALD REAGAN WASHINGTON NATL,12
ATR-42,RONALD REAGAN WASHINGTON NATL,5
B-727,RONALD REAGAN WASHINGTON NATL,16
B-727-200,RONALD REAGAN WASHINGTON NATL,11
B-737,RONALD REAGAN WASHINGTON NATL,3
B-737-200,RONALD REAGAN WASHINGTON NATL,8
B-737-300,RONALD REAGAN WASHINGTON NATL,21
B-737-400,RONALD REAGAN WASHINGTON NATL,7
B-737-500,RONALD REAGAN WASHINGTON NATL,1
B-737-800,RONALD REAGAN WASHINGTON NATL,1
B-757-200,RONALD REAGAN WASHINGTON NATL,21
BA-41 JETSTR,RONALD REAGAN WASHINGTON NATL,1
C-141B,RONALD REAGAN WASHINGTON NATL,1
C-560,RONALD REAGAN WASHINGTON NATL,1
C-650,RONALD REAGAN WASHINGTON NATL,1
CITATION II,RONALD REAGAN WASHINGTON NATL,2
CL-601/604,RONALD REAGAN WASHINGTON NATL,3
CL-RJ100/200,RONALD REAGAN WASHINGTON NATL,6
DC-9,RONALD REAGAN WASHINGTON NATL,6
DC-9-30,RONALD REAGAN WASHINGTON NATL,12
DHC7 DASH 7,RONALD REAGAN WASHINGTON NATL,1
DHC8 DASH 8,RONALD REAGAN WASHINGTON NATL,5
DORNIER 328,RONALD REAGAN WASHINGTON NATL,3
EMB-145,RONALD REAGAN WASHINGTON NATL,1
FOKKER F100,RONALD REAGAN WASHINGTON NATL,11
GULFAERO IV,RONALD REAGAN WASHINGTON NATL,1
HAWKER 1000,RONALD REAGAN WASHINGTON NATL,1
HAWKER 800,RONALD REAGAN WASHINGTON NATL,1
HAWKER-SDLY HS125,RONALD REAGAN WASHINGTON NATL,1
IAI-1124,RONALD REAGAN WASHINGTON NATL,1
LEARJET-55,RONALD REAGAN WASHINGTON NATL,1
MD-80,RONALD REAGAN WASHINGTON NATL,24
MD-82,RONALD REAGAN WASHINGTON NATL,11
MD-88,RONALD REAGAN WASHINGTON NATL,4
MD-90-30,RONALD REAGAN WASHINGTON NATL,3
PA-31 NAVAJO,RONALD REAGAN WASHINGTON NATL,1
RKWLTRBO 690,RONALD REAGAN WASHINGTON NATL,1
SAAB-340,RONALD REAGAN WASHINGTON NATL,1
A-300,SACRAMENTO INTL,1
A-319,SACRAMENTO INTL,4
A-320,SACRAMENTO INTL,11
B-727,SACRAMENTO INTL,8
B-737,SACRAMENTO INTL,47
B-737-200,SACRAMENTO INTL,8
B-737-300,SACRAMENTO INTL,108
B-737-400,SACRAMENTO INTL,4
B-737-500,SACRAMENTO INTL,8
B-737-700,SACRAMENTO INTL,8
B-737-800,SACRAMENTO INTL,1
B-757-200,SACRAMENTO INTL,10
BA-31 JETSTR,SACRAMENTO INTL,6
BE-200 KING,SACRAMENTO INTL,1
BE-58  BARON,SACRAMENTO INTL,1
BE-90  KING,SACRAMENTO INTL,3
C-130E,SACRAMENTO INTL,1
C-130H,SACRAMENTO INTL,2
C-141,SACRAMENTO INTL,1
C-141B,SACRAMENTO INTL,1
C-182 SKYLAN,SACRAMENTO INTL,1
C-208,SACRAMENTO INTL,2
C-402,SACRAMENTO INTL,2
C-425,SACRAMENTO INTL,1
C-650,SACRAMENTO INTL,2
CL-RJ700,SACRAMENTO INTL,1
DA-50 FALCON,SACRAMENTO INTL,1
DC-10,SACRAMENTO INTL,6
DC-10-10,SACRAMENTO INTL,1
DC-9,SACRAMENTO INTL,1
EMB-120,SACRAMENTO INTL,10
FOKKER F28 MK 1000,SACRAMENTO INTL,7
FOKKER F28 MK 4000,SACRAMENTO INTL,11
HAWKER-SDLY HS125,SACRAMENTO INTL,1
KC-135E,SACRAMENTO INTL,4
KC-135R,SACRAMENTO INTL,4
LEARJET-25,SACRAMENTO INTL,1
LEARJET-60,SACRAMENTO INTL,1
MD-80,SACRAMENTO INTL,37
MD-82,SACRAMENTO INTL,11
MD-83,SACRAMENTO INTL,3
MD-90-30,SACRAMENTO INTL,1
MERLIN III,SACRAMENTO INTL,3
MOONEY-20B/C,SACRAMENTO INTL,1
SA227 AC METRO III,SACRAMENTO INTL,1
T-38A,SACRAMENTO INTL,4
A-300,SALT LAKE CITY INTL,1
A-320,SALT LAKE CITY INTL,2
B-727,SALT LAKE CITY INTL,21
B-727-200,SALT LAKE CITY INTL,17
B-737,SALT LAKE CITY INTL,19
B-737-200,SALT LAKE CITY INTL,9
B-737-300,SALT LAKE CITY INTL,30
B-737-500,SALT LAKE CITY INTL,3
B-737-700,SALT LAKE CITY INTL,1
B-757-200,SALT LAKE CITY INTL,25
B-767,SALT LAKE CITY INTL,16
B-767-200,SALT LAKE CITY INTL,3
B-767-300,SALT LAKE CITY INTL,6
C-130H,SALT LAKE CITY INTL,1
C-172,SALT LAKE CITY INTL,1
C-182 SKYLAN,SALT LAKE CITY INTL,1
C-208,SALT LAKE CITY INTL,2
C-560,SALT LAKE CITY INTL,1
CL-RJ100/200,SALT LAKE CITY INTL,15
DC-10,SALT LAKE CITY INTL,1
DC-10-10,SALT LAKE CITY INTL,1
DC-3,SALT LAKE CITY INTL,1
DC-8,SALT LAKE CITY INTL,1
DC-8-62,SALT LAKE CITY INTL,2
DC-8-70,SALT LAKE CITY INTL,1
DC-9-30,SALT LAKE CITY INTL,1
EMB-120,SALT LAKE CITY INTL,15
HAWKER-SDLY HS125,SALT LAKE CITY INTL,1
KC-135E,SALT LAKE CITY INTL,6
L-1011,SALT LAKE CITY INTL,6
LEARJET-35,SALT LAKE CITY INTL,1
MD-80,SALT LAKE CITY INTL,9
MD-82,SALT LAKE CITY INTL,3
MD-83,SALT LAKE CITY INTL,1
MD-87,SALT LAKE CITY INTL,1
MD-90-30,SALT LAKE CITY INTL,8
MERLIN III,SALT LAKE CITY INTL,1
PA-28,SALT LAKE CITY INTL,1
RKWL SABRLNR,SALT LAKE CITY INTL,1
A-300,SAN ANTONIO INTL,1
A-310,SAN ANTONIO INTL,1
B-727,SAN ANTONIO INTL,4
B-727-100,SAN ANTONIO INTL,2
B-727-200,SAN ANTONIO INTL,9
B-737,SAN ANTONIO INTL,5
B-737-200,SAN ANTONIO INTL,20
B-737-300,SAN ANTONIO INTL,22
B-737-400,SAN ANTONIO INTL,3
B-737-500,SAN ANTONIO INTL,4
B-737-700,SAN ANTONIO INTL,2
B-757-200,SAN ANTONIO INTL,9
BE-55  BARON,SAN ANTONIO INTL,1
C-560,SAN ANTONIO INTL,1
DC-10-10,SAN ANTONIO INTL,2
DC-8-61,SAN ANTONIO INTL,1
DC-8-63,SAN ANTONIO INTL,2
DC-9,SAN ANTONIO INTL,1
DC-9-40,SAN ANTONIO INTL,1
FOKKER F100,SAN ANTONIO INTL,5
GRUMMAN GA7,SAN ANTONIO INTL,1
MD-80,SAN ANTONIO INTL,25
MD-82,SAN ANTONIO INTL,22
MD-83,SAN ANTONIO INTL,5
MD-88,SAN ANTONIO INTL,6
MD-90-30,SAN ANTONIO INTL,1
PA-32,SAN ANTONIO INTL,1
SHORTS SC7,SAN ANTONIO INTL,1
A-300,SAN FRANCISCO INTL ARPT,2
A-319,SAN FRANCISCO INTL ARPT,5
A-320,SAN FRANCISCO INTL ARPT,10
B-727,SAN FRANCISCO INTL ARPT,1
B-727-200,SAN FRANCISCO INTL ARPT,4
B-737,SAN FRANCISCO INTL ARPT,5
B-737-200,SAN FRANCISCO INTL ARPT,3
B-737-300,SAN FRANCISCO INTL ARPT,20
B-737-400,SAN FRANCISCO INTL ARPT,1
B-737-500,SAN FRANCISCO INTL ARPT,12
B-737-800,SAN FRANCISCO INTL ARPT,1
B-747,SAN FRANCISCO INTL ARPT,1
B-747-1/200,SAN FRANCISCO INTL ARPT,2
B-747-400,SAN FRANCISCO INTL ARPT,4
B-757-200,SAN FRANCISCO INTL ARPT,16
B-767,SAN FRANCISCO INTL ARPT,6
B-767-200,SAN FRANCISCO INTL ARPT,5
B-767-300,SAN FRANCISCO INTL ARPT,6
B-777-200,SAN FRANCISCO INTL ARPT,3
BA-125-800,SAN FRANCISCO INTL ARPT,1
BA-31 JETSTR,SAN FRANCISCO INTL ARPT,2
DA-900,SAN FRANCISCO INTL ARPT,1
DC-10,SAN FRANCISCO INTL ARPT,3
DC-10-10,SAN FRANCISCO INTL ARPT,5
DC-10-30,SAN FRANCISCO INTL ARPT,1
DC-10-40,SAN FRANCISCO INTL ARPT,2
DC-8-70,SAN FRANCISCO INTL ARPT,1
EMB-120,SAN FRANCISCO INTL ARPT,4
L-1011,SAN FRANCISCO INTL ARPT,2
LEARJET-35,SAN FRANCISCO INTL ARPT,1
LEARJET-60,SAN FRANCISCO INTL ARPT,1
MD-80,SAN FRANCISCO INTL ARPT,11
MD-82,SAN FRANCISCO INTL ARPT,2
MD-83,SAN FRANCISCO INTL ARPT,2
A-320,SEATTLE-TACOMA INTL,6
B-727,SEATTLE-TACOMA INTL,2
B-727-200,SEATTLE-TACOMA INTL,1
B-737,SEATTLE-TACOMA INTL,7
B-737-300,SEATTLE-TACOMA INTL,9
B-737-400,SEATTLE-TACOMA INTL,7
B-737-800,SEATTLE-TACOMA INTL,2
B-757-200,SEATTLE-TACOMA INTL,10
B-767-200,SEATTLE-TACOMA INTL,1
B-767-300,SEATTLE-TACOMA INTL,1
BE-1900,SEATTLE-TACOMA INTL,1
CITATION II,SEATTLE-TACOMA INTL,1
DC-10,SEATTLE-TACOMA INTL,3
DC-10-10,SEATTLE-TACOMA INTL,1
DC-10-30,SEATTLE-TACOMA INTL,1
DC-10-40,SEATTLE-TACOMA INTL,1
DC-9-40,SEATTLE-TACOMA INTL,1
DHC8 DASH 8,SEATTLE-TACOMA INTL,15
EMB-120,SEATTLE-TACOMA INTL,1
FOKKER F28 MK 1000,SEATTLE-TACOMA INTL,4
FOKKER F28 MK 4000,SEATTLE-TACOMA INTL,3
MD-80,SEATTLE-TACOMA INTL,16
MD-82,SEATTLE-TACOMA INTL,3
MD-83,SEATTLE-TACOMA INTL,3
PA-28,SEATTLE-TACOMA INTL,1
PA-31 NAVAJO,SEATTLE-TACOMA INTL,1
SA227 AC METRO III,SEATTLE-TACOMA INTL,1
BE-300 KING,TETERBORO AIRPORT,1
BE-33,TETERBORO AIRPORT,1
BE-36,TETERBORO AIRPORT,1
BE-400 BJET,TETERBORO AIRPORT,1
BE-95,TETERBORO AIRPORT,1
C-414,TETERBORO AIRPORT,1
C-560,TETERBORO AIRPORT,11
C-650,TETERBORO AIRPORT,4
CITATION II,TETERBORO AIRPORT,1
CITATION X,TETERBORO AIRPORT,3
CITATIONJET,TETERBORO AIRPORT,1
CL-600,TETERBORO AIRPORT,2
CL-601/604,TETERBORO AIRPORT,4
DA-2000,TETERBORO AIRPORT,1
DA-50 FALCON,TETERBORO AIRPORT,2
DA-900,TETERBORO AIRPORT,1
DHC6,TETERBORO AIRPORT,1
HAWKER 1000,TETERBORO AIRPORT,2
HAWKER 800,TETERBORO AIRPORT,1
HAWKER-SDLY HS125,TETERBORO AIRPORT,2
IAI ASTRA JT,TETERBORO AIRPORT,2
LEARJET-31,TETERBORO AIRPORT,1
LEARJET-35,TETERBORO AIRPORT,6
LEARJET-55,TETERBORO AIRPORT,4
MOONEY-20J,TETERBORO AIRPORT,1
PA-60 600,TETERBORO AIRPORT,1
SA226 TC,TETERBORO AIRPORT,1
SIKORSKY S-76,TETERBORO AIRPORT,1
A-319,WASHINGTON DULLES INTL ARPT,5
A-320,WASHINGTON DULLES INTL ARPT,5
ATR-42,WASHINGTON DULLES INTL ARPT,2
B-727,WASHINGTON DULLES INTL ARPT,7
B-727-200,WASHINGTON DULLES INTL ARPT,9
B-737,WASHINGTON DULLES INTL ARPT,7
B-737-200,WASHINGTON DULLES INTL ARPT,7
B-737-300,WASHINGTON DULLES INTL ARPT,14
B-737-500,WASHINGTON DULLES INTL ARPT,3
B-737-800,WASHINGTON DULLES INTL ARPT,1
B-747,WASHINGTON DULLES INTL ARPT,1
B-747-400,WASHINGTON DULLES INTL ARPT,2
B-757-200,WASHINGTON DULLES INTL ARPT,20
B-767,WASHINGTON DULLES INTL ARPT,1
B-767-200,WASHINGTON DULLES INTL ARPT,4
B-767-300,WASHINGTON DULLES INTL ARPT,2
B-777-200,WASHINGTON DULLES INTL ARPT,2
BA-125-800,WASHINGTON DULLES INTL ARPT,1
BA-146,WASHINGTON DULLES INTL ARPT,1
BA-31 JETSTR,WASHINGTON DULLES INTL ARPT,41
BA-41 JETSTR,WASHINGTON DULLES INTL ARPT,35
BE-1900,WASHINGTON DULLES INTL ARPT,3
BE-300 KING,WASHINGTON DULLES INTL ARPT,1
C-141B,WASHINGTON DULLES INTL ARPT,1
C-441 CONQUE,WASHINGTON DULLES INTL ARPT,1
C-650,WASHINGTON DULLES INTL ARPT,1
CHALLENGER 300,WASHINGTON DULLES INTL ARPT,1
CL-RJ100/200,WASHINGTON DULLES INTL ARPT,33
DA-900,WASHINGTON DULLES INTL ARPT,1
DC-10,WASHINGTON DULLES INTL ARPT,5
DC-10-10,WASHINGTON DULLES INTL ARPT,3
DC-10-30,WASHINGTON DULLES INTL ARPT,1
DC-8-62,WASHINGTON DULLES INTL ARPT,1
DC-9,WASHINGTON DULLES INTL ARPT,3
DC-9-30,WASHINGTON DULLES INTL ARPT,6
DHC8 DASH 8,WASHINGTON DULLES INTL ARPT,1
EMB-120,WASHINGTON DULLES INTL ARPT,4
FOKKER F100,WASHINGTON DULLES INTL ARPT,5
GULFAERO IV,WASHINGTON DULLES INTL ARPT,2
HAWKER 1000,WASHINGTON DULLES INTL ARPT,1
LEARJET-24,WASHINGTON DULLES INTL ARPT,1
LEARJET-31,WASHINGTON DULLES INTL ARPT,1
LEARJET-55,WASHINGTON DULLES INTL ARPT,1
LEARJET-60,WASHINGTON DULLES INTL ARPT,1
MD-80,WASHINGTON DULLES INTL ARPT,5
MD-82,WASHINGTON DULLES INTL ARPT,1
MD-88,WASHINGTON DULLES INTL ARPT,1
PA-31 NAVAJO,WASHINGTON DULLES INTL ARPT,1
ATR-72,WILL ROGERS WORLD ARPT,5
B-717-200,WILL ROGERS WORLD ARPT,1
B-727,WILL ROGERS WORLD ARPT,8
B-727-100,WILL ROGERS WORLD ARPT,1
B-727-200,WILL ROGERS WORLD ARPT,6
B-737,WILL ROGERS WORLD ARPT,5
B-737-200,WILL ROGERS WORLD ARPT,11
B-737-300,WILL ROGERS WORLD ARPT,6
B-737-500,WILL ROGERS WORLD ARPT,2
BE-90  KING,WILL ROGERS WORLD ARPT,1
C-130H,WILL ROGERS WORLD ARPT,6
CL-601/604,WILL ROGERS WORLD ARPT,1
CL-RJ100/200,WILL ROGERS WORLD ARPT,1
DC-9,WILL ROGERS WORLD ARPT,1
DC-9-30,WILL ROGERS WORLD ARPT,1
DC-9-40,WILL ROGERS WORLD ARPT,1
E-3,WILL ROGERS WORLD ARPT,1
E-3C,WILL ROGERS WORLD ARPT,2
E-6,WILL ROGERS WORLD ARPT,2
EMB-120,WILL ROGERS WORLD ARPT,1
FOKKER F100,WILL ROGERS WORLD ARPT,6
KC-135R,WILL ROGERS WORLD ARPT,2
MD-80,WILL ROGERS WORLD ARPT,6
MD-82,WILL ROGERS WORLD ARPT,1
MU2,WILL ROGERS WORLD ARPT,1
T-1A,WILL ROGERS WORLD ARPT,2
T-38C,WILL ROGERS WORLD ARPT,1
VC-137,WILL ROGERS WORLD ARPT,1
